Workbook

Sheet APQR_Summary
B1: ANNUAL PRODUCT QUALITY REVIEW (APQR) - MULTI-PRODUCT SAMPLE TOOL
B4: SELECT PRODUCT > | C4: Paracetamol 500mg Tablets
B5: Review period: Jan 2025 - Dec 2025 (made-up sample data)
B6: Parameter | C6: Value | D6: Comment
B7: Assay LSL (spec) | C7: =VLOOKUP(C4,Product_Setup!A:C,2,FALSE) -> 95
B8: Assay USL (spec) | C8: =VLOOKUP(C4,Product_Setup!A:C,3,FALSE) -> 105
B9: Batches manufactured | C9: =COUNTIFS(Batch_Data!A2:A500,C4) -> 52
B10: Batches released | C10: =COUNTIFS(Batch_Data!A2:A500,C4,Batch_Data!L2:L500,"Released") -> 52
B11: Batches rejected | C11: =COUNTIFS(Batch_Data!A2:A500,C4,Batch_Data!L2:L500,"Rejected") -> 0
B12: Batch release rate % | C12: =C10/C9 -> 1 | D12: =IF(C12>=0.95,"Meets target (95%)","Below target - review") -> Meets target (95%)
B13: Average yield % | C13: =AVERAGEIFS(Batch_Data!F2:F500,Batch_Data!A2:A500,C4) -> 97.173077
B14: Batches with deviation | C14: =COUNTIFS(Batch_Data!A2:A500,C4,Batch_Data!J2:J500,"Y") -> 4
B15: Deviation rate % | C15: =C14/C9 -> 0.076923077 | D15: =IF(C15>0.1,"High - review","Acceptable") -> Acceptable
B16: OOS results | C16: =COUNTIFS(Batch_Data!A2:A500,C4,Batch_Data!K2:K500,"Y") -> 0
B17: Assay mean % | C17: =AVERAGEIFS(Batch_Data!G2:G500,Batch_Data!A2:A500,C4) -> 100.45577
B18: Assay std deviation | C18: =_xlfn.AGGREGATE(7,6,Chart_Data!D2:D61) -> 1.2933334
B19: Assay Cpk | C19: =MIN((C8-C17)/(3*C18),(C17-C7)/(3*C18)) -> 1.1711935 | D19: =IF(C19>=1.33,"Capable",IF(C19>=1,"Marginal - review","Not capable - action needed")) -> Marginal - review
B20: Average dissolution % | C20: =AVERAGEIFS(Batch_Data!H2:H500,Batch_Data!A2:A500,C4) -> 92.915385
B21: Average total impurity % | C21: =AVERAGEIFS(Batch_Data!I2:I500,Batch_Data!A2:A500,C4) -> 0.30326923
B22: Customer complaints | C22: =VLOOKUP(C4,Product_Setup!A:F,4,FALSE) -> 2
B23: Change controls | C23: =VLOOKUP(C4,Product_Setup!A:F,5,FALSE) -> 3
B24: CAPA opened | C24: =VLOOKUP(C4,Product_Setup!A:F,6,FALSE) -> 5
B26: ="Conclusion: "&IF(C19>=1.33,"process is capable for assay (Cpk "&TEXT(C19,"0.00")&"); no change recommended.","assay Cpk "&TEXT(C19,"0.00")&" is below 1.33; trend review and CAPA recommended.") -> Conclusion: assay Cpk 1.17 is below 1.33; trend review and CAPA recommended.
B28: SAMPLE, made-up data. Change the product in the yellow cell; table and charts update automatically.

Sheet Batch_Data
A1: Product | B1: Batch No | C1: Mfg Date | D1: Batch Size (kg) | E1: Actual Yield (kg) | F1: Yield % | G1: Assay % | H1: Dissolution % | I1: Total Impurity % | J1: Deviation (Y/N) | K1: OOS (Y/N) | L1: Status
A2: Paracetamol 500mg Tablets | B2: PCM2501 | C2: 45663 | D2: 200 | E2: 189 | F2: =E2/D2*100 -> 94.5 | G2: 98.3 | H2: 88.1 | I2: 0.25 | J2: N | K2: N | L2: Released
A3: Paracetamol 500mg Tablets | B3: PCM2502 | C3: 45669 | D3: 200 | E3: 189 | F3: =E3/D3*100 -> 94.5 | G3: 98.8 | H3: 93.5 | I3: 0.55 | J3: N | K3: N | L3: Released
A4: Paracetamol 500mg Tablets | B4: PCM2503 | C4: 45675 | D4: 200 | E4: 198 | F4: =E4/D4*100 -> 99 | G4: 100.5 | H4: 91.1 | I4: 0.12 | J4: Y | K4: N | L4: Released
A5: Paracetamol 500mg Tablets | B5: PCM2504 | C5: 45681 | D5: 200 | E5: 199.2 | F5: =E5/D5*100 -> 99.6 | G5: 99.4 | H5: 97.4 | I5: 0.22 | J5: N | K5: N | L5: Released
A6: Paracetamol 500mg Tablets | B6: PCM2505 | C6: 45687 | D6: 200 | E6: 189.4 | F6: =E6/D6*100 -> 94.7 | G6: 99 | H6: 88.3 | I6: 0.57 | J6: Y | K6: N | L6: Released
A7: Paracetamol 500mg Tablets | B7: PCM2506 | C7: 45693 | D7: 200 | E7: 198.2 | F7: =E7/D7*100 -> 99.1 | G7: 100.1 | H7: 91.7 | I7: 0.46 | J7: N | K7: N | L7: Released
A8: Paracetamol 500mg Tablets | B8: PCM2507 | C8: 45699 | D8: 200 | E8: 194 | F8: =E8/D8*100 -> 97 | G8: 101.3 | H8: 96.9 | I8: 0.46 | J8: N | K8: N | L8: Released
A9: Paracetamol 500mg Tablets | B9: PCM2508 | C9: 45705 | D9: 200 | E9: 190.8 | F9: =E9/D9*100 -> 95.4 | G9: 100.1 | H9: 88.2 | I9: 0.22 | J9: N | K9: N | L9: Released
A10: Paracetamol 500mg Tablets | B10: PCM2509 | C10: 45711 | D10: 200 | E10: 201.4 | F10: =E10/D10*100 -> 100.7 | G10: 100.9 | H10: 94.7 | I10: 0.12 | J10: N | K10: N | L10: Released
A11: Paracetamol 500mg Tablets | B11: PCM2510 | C11: 45717 | D11: 200 | E11: 191.2 | F11: =E11/D11*100 -> 95.6 | G11: 100.4 | H11: 93.6 | I11: 0.57 | J11: N | K11: N | L11: Released
A12: Paracetamol 500mg Tablets | B12: PCM2511 | C12: 45723 | D12: 200 | E12: 191 | F12: =E12/D12*100 -> 95.5 | G12: 100.6 | H12: 89.3 | I12: 0.46 | J12: N | K12: N | L12: Released
A13: Paracetamol 500mg Tablets | B13: PCM2512 | C13: 45729 | D13: 200 | E13: 199.4 | F13: =E13/D13*100 -> 99.7 | G13: 101.1 | H13: 96.2 | I13: 0.39 | J13: N | K13: N | L13: Released
... A138: Metformin 500mg Tablets | B138: MET2545 | C138: 45971 | D138: 200 | E138: 201 | F138: =E138/D138*100 -> 100.5 | G138: 101.6 | H138: 96.2 | I138: 0.07 | J138: N | K138: N | L138: Released

Sheet Product_Setup
A1: Product | B1: Assay LSL | C1: Assay USL | D1: Customer complaints | E1: Change controls | F1: CAPA opened
A2: Paracetamol 500mg Tablets | B2: 95 | C2: 105 | D2: 2 | E2: 3 | F2: 5
A3: Amoxicillin 250mg Capsules | B3: 90 | C3: 110 | D3: 1 | E3: 2 | F3: 3
A4: Metformin 500mg Tablets | B4: 95 | C4: 105 | D4: 0 | E4: 4 | F4: 2
A6: To add a product: type a new row above, then add its batches in Batch_Data (same product name).

Sheet Chart_Data
A1: k | B1: Row in data | C1: Batch | D1: Assay % | E1: LSL | F1: USL | G1: Yield % | I1: This sheet feeds the charts. Do not edit.
A2: 1 | B2: {=IFERROR(_xlfn.AGGREGATE(15,6,ROW(Batch_Data!$A$2:$A$500)/(Batch_Data!$A$2:$A$500=APQR_Summary!$C$4),A2),"")} -> 2 | C2: =IF(B2="","",INDEX(Batch_Data!$B:$B,B2)) -> PCM2501 | D2: =IF(B2="",NA(),INDEX(Batch_Data!$G:$G,B2)) -> 98.3 | E2: =IF(B2="",NA(),APQR_Summary!$C$7) -> 95 | F2: =IF(B2="",NA(),APQR_Summary!$C$8) -> 105 | G2: =IF(B2="",NA(),INDEX(Batch_Data!$F:$F,B2)) -> 94.5
A3: 2 | B3: {=IFERROR(_xlfn.AGGREGATE(15,6,ROW(Batch_Data!$A$2:$A$500)/(Batch_Data!$A$2:$A$500=APQR_Summary!$C$4),A3),"")} -> 3 | C3: =IF(B3="","",INDEX(Batch_Data!$B:$B,B3)) -> PCM2502 | D3: =IF(B3="",NA(),INDEX(Batch_Data!$G:$G,B3)) -> 98.8 | E3: =IF(B3="",NA(),APQR_Summary!$C$7) -> 95 | F3: =IF(B3="",NA(),APQR_Summary!$C$8) -> 105 | G3: =IF(B3="",NA(),INDEX(Batch_Data!$F:$F,B3)) -> 94.5
A4: 3 | B4: {=IFERROR(_xlfn.AGGREGATE(15,6,ROW(Batch_Data!$A$2:$A$500)/(Batch_Data!$A$2:$A$500=APQR_Summary!$C$4),A4),"")} -> 4 | C4: =IF(B4="","",INDEX(Batch_Data!$B:$B,B4)) -> PCM2503 | D4: =IF(B4="",NA(),INDEX(Batch_Data!$G:$G,B4)) -> 100.5 | E4: =IF(B4="",NA(),APQR_Summary!$C$7) -> 95 | F4: =IF(B4="",NA(),APQR_Summary!$C$8) -> 105 | G4: =IF(B4="",NA(),INDEX(Batch_Data!$F:$F,B4)) -> 99
A5: 4 | B5: {=IFERROR(_xlfn.AGGREGATE(15,6,ROW(Batch_Data!$A$2:$A$500)/(Batch_Data!$A$2:$A$500=APQR_Summary!$C$4),A5),"")} -> 5 | C5: =IF(B5="","",INDEX(Batch_Data!$B:$B,B5)) -> PCM2504 | D5: =IF(B5="",NA(),INDEX(Batch_Data!$G:$G,B5)) -> 99.4 | E5: =IF(B5="",NA(),APQR_Summary!$C$7) -> 95 | F5: =IF(B5="",NA(),APQR_Summary!$C$8) -> 105 | G5: =IF(B5="",NA(),INDEX(Batch_Data!$F:$F,B5)) -> 99.6
A6: 5 | B6: {=IFERROR(_xlfn.AGGREGATE(15,6,ROW(Batch_Data!$A$2:$A$500)/(Batch_Data!$A$2:$A$500=APQR_Summary!$C$4),A6),"")} -> 6 | C6: =IF(B6="","",INDEX(Batch_Data!$B:$B,B6)) -> PCM2505 | D6: =IF(B6="",NA(),INDEX(Batch_Data!$G:$G,B6)) -> 99 | E6: =IF(B6="",NA(),APQR_Summary!$C$7) -> 95 | F6: =IF(B6="",NA(),APQR_Summary!$C$8) -> 105 | G6: =IF(B6="",NA(),INDEX(Batch_Data!$F:$F,B6)) -> 94.7
A7: 6 | B7: {=IFERROR(_xlfn.AGGREGATE(15,6,ROW(Batch_Data!$A$2:$A$500)/(Batch_Data!$A$2:$A$500=APQR_Summary!$C$4),A7),"")} -> 7 | C7: =IF(B7="","",INDEX(Batch_Data!$B:$B,B7)) -> PCM2506 | D7: =IF(B7="",NA(),INDEX(Batch_Data!$G:$G,B7)) -> 100.1 | E7: =IF(B7="",NA(),APQR_Summary!$C$7) -> 95 | F7: =IF(B7="",NA(),APQR_Summary!$C$8) -> 105 | G7: =IF(B7="",NA(),INDEX(Batch_Data!$F:$F,B7)) -> 99.1
A8: 7 | B8: {=IFERROR(_xlfn.AGGREGATE(15,6,ROW(Batch_Data!$A$2:$A$500)/(Batch_Data!$A$2:$A$500=APQR_Summary!$C$4),A8),"")} -> 8 | C8: =IF(B8="","",INDEX(Batch_Data!$B:$B,B8)) -> PCM2507 | D8: =IF(B8="",NA(),INDEX(Batch_Data!$G:$G,B8)) -> 101.3 | E8: =IF(B8="",NA(),APQR_Summary!$C$7) -> 95 | F8: =IF(B8="",NA(),APQR_Summary!$C$8) -> 105 | G8: =IF(B8="",NA(),INDEX(Batch_Data!$F:$F,B8)) -> 97
A9: 8 | B9: {=IFERROR(_xlfn.AGGREGATE(15,6,ROW(Batch_Data!$A$2:$A$500)/(Batch_Data!$A$2:$A$500=APQR_Summary!$C$4),A9),"")} -> 9 | C9: =IF(B9="","",INDEX(Batch_Data!$B:$B,B9)) -> PCM2508 | D9: =IF(B9="",NA(),INDEX(Batch_Data!$G:$G,B9)) -> 100.1 | E9: =IF(B9="",NA(),APQR_Summary!$C$7) -> 95 | F9: =IF(B9="",NA(),APQR_Summary!$C$8) -> 105 | G9: =IF(B9="",NA(),INDEX(Batch_Data!$F:$F,B9)) -> 95.4
A10: 9 | B10: {=IFERROR(_xlfn.AGGREGATE(15,6,ROW(Batch_Data!$A$2:$A$500)/(Batch_Data!$A$2:$A$500=APQR_Summary!$C$4),A10),"")} -> 10 | C10: =IF(B10="","",INDEX(Batch_Data!$B:$B,B10)) -> PCM2509 | D10: =IF(B10="",NA(),INDEX(Batch_Data!$G:$G,B10)) -> 100.9 | E10: =IF(B10="",NA(),APQR_Summary!$C$7) -> 95 | F10: =IF(B10="",NA(),APQR_Summary!$C$8) -> 105 | G10: =IF(B10="",NA(),INDEX(Batch_Data!$F:$F,B10)) -> 100.7
A11: 10 | B11: {=IFERROR(_xlfn.AGGREGATE(15,6,ROW(Batch_Data!$A$2:$A$500)/(Batch_Data!$A$2:$A$500=APQR_Summary!$C$4),A11),"")} -> 11 | C11: =IF(B11="","",INDEX(Batch_Data!$B:$B,B11)) -> PCM2510 | D11: =IF(B11="",NA(),INDEX(Batch_Data!$G:$G,B11)) -> 100.4 | E11: =IF(B11="",NA(),APQR_Summary!$C$7) -> 95 | F11: =IF(B11="",NA(),APQR_Summary!$C$8) -> 105 | G11: =IF(B11="",NA(),INDEX(Batch_Data!$F:$F,B11)) -> 95.6
A12: 11 | B12: {=IFERROR(_xlfn.AGGREGATE(15,6,ROW(Batch_Data!$A$2:$A$500)/(Batch_Data!$A$2:$A$500=APQR_Summary!$C$4),A12),"")} -> 12 | C12: =IF(B12="","",INDEX(Batch_Data!$B:$B,B12)) -> PCM2511 | D12: =IF(B12="",NA(),INDEX(Batch_Data!$G:$G,B12)) -> 100.6 | E12: =IF(B12="",NA(),APQR_Summary!$C$7) -> 95 | F12: =IF(B12="",NA(),APQR_Summary!$C$8) -> 105 | G12: =IF(B12="",NA(),INDEX(Batch_Data!$F:$F,B12)) -> 95.5
A13: 12 | B13: {=IFERROR(_xlfn.AGGREGATE(15,6,ROW(Batch_Data!$A$2:$A$500)/(Batch_Data!$A$2:$A$500=APQR_Summary!$C$4),A13),"")} -> 13 | C13: =IF(B13="","",INDEX(Batch_Data!$B:$B,B13)) -> PCM2512 | D13: =IF(B13="",NA(),INDEX(Batch_Data!$G:$G,B13)) -> 101.1 | E13: =IF(B13="",NA(),APQR_Summary!$C$7) -> 95 | F13: =IF(B13="",NA(),APQR_Summary!$C$8) -> 105 | G13: =IF(B13="",NA(),INDEX(Batch_Data!$F:$F,B13)) -> 99.7
... A61: 60 | B61: {=IFERROR(_xlfn.AGGREGATE(15,6,ROW(Batch_Data!$A$2:$A$500)/(Batch_Data!$A$2:$A$500=APQR_Summary!$C$4),A61),"")} | C61: =IF(B61="","",INDEX(Batch_Data!$B:$B,B61)) | D61: =IF(B61="",NA(),INDEX(Batch_Data!$G:$G,B61)) -> #N/A | E61: =IF(B61="",NA(),APQR_Summary!$C$7) -> #N/A | F61: =IF(B61="",NA(),APQR_Summary!$C$8) -> #N/A | G61: =IF(B61="",NA(),INDEX(Batch_Data!$F:$F,B61)) -> #N/A
