Workbook

Sheet Dashboard
B1: CALIBRATION DUE-DATE RADAR
B2: Instrument calibration schedule | type x due-month heatmap | as of 09-Oct-2026 | SAMPLE DATA (simulated)
B3: DEPARTMENT | C3: All | L3: ="Instruments in view: "&INDEX(Calc!$G$4:$G$9,MATCH($C$3,Calc!$F$4:$F$9,0))&" | change the amber cell to switch department" -> Instruments in view: 160 | change the amber cell to switch department
C5: ON-TIME % | I5: OVERDUE | O5: DUE NEXT 30 DAYS | U5: LONGEST OVERDUE | AA5: STATUS
C6: =INDEX(Calc!$K$4:$K$9,MATCH($C$3,Calc!$F$4:$F$9,0)) -> 0.95 | I6: =INDEX(Calc!$H$4:$H$9,MATCH($C$3,Calc!$F$4:$F$9,0)) -> 8 | O6: =INDEX(Calc!$I$4:$I$9,MATCH($C$3,Calc!$F$4:$F$9,0)) -> 35 | U6: =Calc!$B$7 -> 59 | AA6: =INDEX(Calc!$L$4:$L$9,MATCH($C$3,Calc!$F$4:$F$9,0)) -> ON TRACK
C7: instruments in date | I7: past calibration due date | O7: schedule these now | U7: days past due | AA7: on-time threshold 93% / 85%
B9: CALIBRATIONS DUE - instrument type (rows) x due month (columns)
B10: Instrument type | C10: =Calc!$B$21 -> Overdue | E10: =Calc!$B$22 -> Oct | G10: =Calc!$B$23 -> Nov | I10: =Calc!$B$24 -> Dec | K10: =Calc!$B$25 -> Jan | M10: =Calc!$B$26 -> Feb | O10: =Calc!$B$27 -> Mar | Q10: =Calc!$B$28 -> Apr | S10: =Calc!$B$29 -> May | U10: =Calc!$B$30 -> Jun | W10: =Calc!$B$31 -> Jul | Y10: =Calc!$B$32 -> Aug | AA10: =Calc!$B$33 -> Sep+ | AC10: Total
B11: Balance | C11: =COUNTIFS(Data!$B$2:$B$161,Calc!$B$5,Data!$C$2:$C$161,$B11,Data!$I$2:$I$161,Calc!$A$21) -> 4 | E11: =COUNTIFS(Data!$B$2:$B$161,Calc!$B$5,Data!$C$2:$C$161,$B11,Data!$I$2:$I$161,Calc!$A$22) -> 5 | G11: =COUNTIFS(Data!$B$2:$B$161,Calc!$B$5,Data!$C$2:$C$161,$B11,Data!$I$2:$I$161,Calc!$A$23) -> 8 | I11: =COUNTIFS(Data!$B$2:$B$161,Calc!$B$5,Data!$C$2:$C$161,$B11,Data!$I$2:$I$161,Calc!$A$24) -> 5 | K11: =COUNTIFS(Data!$B$2:$B$161,Calc!$B$5,Data!$C$2:$C$161,$B11,Data!$I$2:$I$161,Calc!$A$25) -> 0 | M11: =COUNTIFS(Data!$B$2:$B$161,Calc!$B$5,Data!$C$2:$C$161,$B11,Data!$I$2:$I$161,Calc!$A$26) -> 0 | O11: =COUNTIFS(Data!$B$2:$B$161,Calc!$B$5,Data!$C$2:$C$161,$B11,Data!$I$2:$I$161,Calc!$A$27) -> 0 | Q11: =COUNTIFS(Data!$B$2:$B$161,Calc!$B$5,Data!$C$2:$C$161,$B11,Data!$I$2:$I$161,Calc!$A$28) -> 0 | S11: =COUNTIFS(Data!$B$2:$B$161,Calc!$B$5,Data!$C$2:$C$161,$B11,Data!$I$2:$I$161,Calc!$A$29) -> 0 | U11: =COUNTIFS(Data!$B$2:$B$161,Calc!$B$5,Data!$C$2:$C$161,$B11,Data!$I$2:$I$161,Calc!$A$30) -> 0 | W11: =COUNTIFS(Data!$B$2:$B$161,Calc!$B$5,Data!$C$2:$C$161,$B11,Data!$I$2:$I$161,Calc!$A$31) -> 0 | Y11: =COUNTIFS(Data!$B$2:$B$161,Calc!$B$5,Data!$C$2:$C$161,$B11,Data!$I$2:$I$161,Calc!$A$32) -> 0 | AA11: =COUNTIFS(Data!$B$2:$B$161,Calc!$B$5,Data!$C$2:$C$161,$B11,Data!$I$2:$I$161,Calc!$A$33) -> 0 | AC11: =SUM(C11:AB11) -> 22
B12: pH Meter | C12: =COUNTIFS(Data!$B$2:$B$161,Calc!$B$5,Data!$C$2:$C$161,$B12,Data!$I$2:$I$161,Calc!$A$21) -> 0 | E12: =COUNTIFS(Data!$B$2:$B$161,Calc!$B$5,Data!$C$2:$C$161,$B12,Data!$I$2:$I$161,Calc!$A$22) -> 5 | G12: =COUNTIFS(Data!$B$2:$B$161,Calc!$B$5,Data!$C$2:$C$161,$B12,Data!$I$2:$I$161,Calc!$A$23) -> 5 | I12: =COUNTIFS(Data!$B$2:$B$161,Calc!$B$5,Data!$C$2:$C$161,$B12,Data!$I$2:$I$161,Calc!$A$24) -> 6 | K12: =COUNTIFS(Data!$B$2:$B$161,Calc!$B$5,Data!$C$2:$C$161,$B12,Data!$I$2:$I$161,Calc!$A$25) -> 0 | M12: =COUNTIFS(Data!$B$2:$B$161,Calc!$B$5,Data!$C$2:$C$161,$B12,Data!$I$2:$I$161,Calc!$A$26) -> 0 | O12: =COUNTIFS(Data!$B$2:$B$161,Calc!$B$5,Data!$C$2:$C$161,$B12,Data!$I$2:$I$161,Calc!$A$27) -> 0 | Q12: =COUNTIFS(Data!$B$2:$B$161,Calc!$B$5,Data!$C$2:$C$161,$B12,Data!$I$2:$I$161,Calc!$A$28) -> 0 | S12: =COUNTIFS(Data!$B$2:$B$161,Calc!$B$5,Data!$C$2:$C$161,$B12,Data!$I$2:$I$161,Calc!$A$29) -> 0 | U12: =COUNTIFS(Data!$B$2:$B$161,Calc!$B$5,Data!$C$2:$C$161,$B12,Data!$I$2:$I$161,Calc!$A$30) -> 0 | W12: =COUNTIFS(Data!$B$2:$B$161,Calc!$B$5,Data!$C$2:$C$161,$B12,Data!$I$2:$I$161,Calc!$A$31) -> 0 | Y12: =COUNTIFS(Data!$B$2:$B$161,Calc!$B$5,Data!$C$2:$C$161,$B12,Data!$I$2:$I$161,Calc!$A$32) -> 0 | AA12: =COUNTIFS(Data!$B$2:$B$161,Calc!$B$5,Data!$C$2:$C$161,$B12,Data!$I$2:$I$161,Calc!$A$33) -> 0 | AC12: =SUM(C12:AB12) -> 16
B13: HPLC | C13: =COUNTIFS(Data!$B$2:$B$161,Calc!$B$5,Data!$C$2:$C$161,$B13,Data!$I$2:$I$161,Calc!$A$21) -> 0 | E13: =COUNTIFS(Data!$B$2:$B$161,Calc!$B$5,Data!$C$2:$C$161,$B13,Data!$I$2:$I$161,Calc!$A$22) -> 2 | G13: =COUNTIFS(Data!$B$2:$B$161,Calc!$B$5,Data!$C$2:$C$161,$B13,Data!$I$2:$I$161,Calc!$A$23) -> 2 | I13: =COUNTIFS(Data!$B$2:$B$161,Calc!$B$5,Data!$C$2:$C$161,$B13,Data!$I$2:$I$161,Calc!$A$24) -> 4 | K13: =COUNTIFS(Data!$B$2:$B$161,Calc!$B$5,Data!$C$2:$C$161,$B13,Data!$I$2:$I$161,Calc!$A$25) -> 3 | M13: =COUNTIFS(Data!$B$2:$B$161,Calc!$B$5,Data!$C$2:$C$161,$B13,Data!$I$2:$I$161,Calc!$A$26) -> 3 | O13: =COUNTIFS(Data!$B$2:$B$161,Calc!$B$5,Data!$C$2:$C$161,$B13,Data!$I$2:$I$161,Calc!$A$27) -> 2 | Q13: =COUNTIFS(Data!$B$2:$B$161,Calc!$B$5,Data!$C$2:$C$161,$B13,Data!$I$2:$I$161,Calc!$A$28) -> 0 | S13: =COUNTIFS(Data!$B$2:$B$161,Calc!$B$5,Data!$C$2:$C$161,$B13,Data!$I$2:$I$161,Calc!$A$29) -> 0 | U13: =COUNTIFS(Data!$B$2:$B$161,Calc!$B$5,Data!$C$2:$C$161,$B13,Data!$I$2:$I$161,Calc!$A$30) -> 0 | W13: =COUNTIFS(Data!$B$2:$B$161,Calc!$B$5,Data!$C$2:$C$161,$B13,Data!$I$2:$I$161,Calc!$A$31) -> 0 | Y13: =COUNTIFS(Data!$B$2:$B$161,Calc!$B$5,Data!$C$2:$C$161,$B13,Data!$I$2:$I$161,Calc!$A$32) -> 0 | AA13: =COUNTIFS(Data!$B$2:$B$161,Calc!$B$5,Data!$C$2:$C$161,$B13,Data!$I$2:$I$161,Calc!$A$33) -> 0 | AC13: =SUM(C13:AB13) -> 16
B14: Thermometer | C14: =COUNTIFS(Data!$B$2:$B$161,Calc!$B$5,Data!$C$2:$C$161,$B14,Data!$I$2:$I$161,Calc!$A$21) -> 2 | E14: =COUNTIFS(Data!$B$2:$B$161,Calc!$B$5,Data!$C$2:$C$161,$B14,Data!$I$2:$I$161,Calc!$A$22) -> 0 | G14: =COUNTIFS(Data!$B$2:$B$161,Calc!$B$5,Data!$C$2:$C$161,$B14,Data!$I$2:$I$161,Calc!$A$23) -> 0 | I14: =COUNTIFS(Data!$B$2:$B$161,Calc!$B$5,Data!$C$2:$C$161,$B14,Data!$I$2:$I$161,Calc!$A$24) -> 7 | K14: =COUNTIFS(Data!$B$2:$B$161,Calc!$B$5,Data!$C$2:$C$161,$B14,Data!$I$2:$I$161,Calc!$A$25) -> 1 | M14: =COUNTIFS(Data!$B$2:$B$161,Calc!$B$5,Data!$C$2:$C$161,$B14,Data!$I$2:$I$161,Calc!$A$26) -> 1 | O14: =COUNTIFS(Data!$B$2:$B$161,Calc!$B$5,Data!$C$2:$C$161,$B14,Data!$I$2:$I$161,Calc!$A$27) -> 0 | Q14: =COUNTIFS(Data!$B$2:$B$161,Calc!$B$5,Data!$C$2:$C$161,$B14,Data!$I$2:$I$161,Calc!$A$28) -> 1 | S14: =COUNTIFS(Data!$B$2:$B$161,Calc!$B$5,Data!$C$2:$C$161,$B14,Data!$I$2:$I$161,Calc!$A$29) -> 0 | U14: =COUNTIFS(Data!$B$2:$B$161,Calc!$B$5,Data!$C$2:$C$161,$B14,Data!$I$2:$I$161,Calc!$A$30) -> 1 | W14: =COUNTIFS(Data!$B$2:$B$161,Calc!$B$5,Data!$C$2:$C$161,$B14,Data!$I$2:$I$161,Calc!$A$31) -> 1 | Y14: =COUNTIFS(Data!$B$2:$B$161,Calc!$B$5,Data!$C$2:$C$161,$B14,Data!$I$2:$I$161,Calc!$A$32) -> 1 | AA14: =COUNTIFS(Data!$B$2:$B$161,Calc!$B$5,Data!$C$2:$C$161,$B14,Data!$I$2:$I$161,Calc!$A$33) -> 0 | AC14: =SUM(C14:AB14) -> 15
B15: Pressure Gauge | C15: =COUNTIFS(Data!$B$2:$B$161,Calc!$B$5,Data!$C$2:$C$161,$B15,Data!$I$2:$I$161,Calc!$A$21) -> 1 | E15: =COUNTIFS(Data!$B$2:$B$161,Calc!$B$5,Data!$C$2:$C$161,$B15,Data!$I$2:$I$161,Calc!$A$22) -> 4 | G15: =COUNTIFS(Data!$B$2:$B$161,Calc!$B$5,Data!$C$2:$C$161,$B15,Data!$I$2:$I$161,Calc!$A$23) -> 4 | I15: =COUNTIFS(Data!$B$2:$B$161,Calc!$B$5,Data!$C$2:$C$161,$B15,Data!$I$2:$I$161,Calc!$A$24) -> 4 | K15: =COUNTIFS(Data!$B$2:$B$161,Calc!$B$5,Data!$C$2:$C$161,$B15,Data!$I$2:$I$161,Calc!$A$25) -> 2 | M15: =COUNTIFS(Data!$B$2:$B$161,Calc!$B$5,Data!$C$2:$C$161,$B15,Data!$I$2:$I$161,Calc!$A$26) -> 1 | O15: =COUNTIFS(Data!$B$2:$B$161,Calc!$B$5,Data!$C$2:$C$161,$B15,Data!$I$2:$I$161,Calc!$A$27) -> 1 | Q15: =COUNTIFS(Data!$B$2:$B$161,Calc!$B$5,Data!$C$2:$C$161,$B15,Data!$I$2:$I$161,Calc!$A$28) -> 1 | S15: =COUNTIFS(Data!$B$2:$B$161,Calc!$B$5,Data!$C$2:$C$161,$B15,Data!$I$2:$I$161,Calc!$A$29) -> 0 | U15: =COUNTIFS(Data!$B$2:$B$161,Calc!$B$5,Data!$C$2:$C$161,$B15,Data!$I$2:$I$161,Calc!$A$30) -> 2 | W15: =COUNTIFS(Data!$B$2:$B$161,Calc!$B$5,Data!$C$2:$C$161,$B15,Data!$I$2:$I$161,Calc!$A$31) -> 1 | Y15: =COUNTIFS(Data!$B$2:$B$161,Calc!$B$5,Data!$C$2:$C$161,$B15,Data!$I$2:$I$161,Calc!$A$32) -> 0 | AA15: =COUNTIFS(Data!$B$2:$B$161,Calc!$B$5,Data!$C$2:$C$161,$B15,Data!$I$2:$I$161,Calc!$A$33) -> 0 | AC15: =SUM(C15:AB15) -> 21
B16: Autoclave Sensor | C16: =COUNTIFS(Data!$B$2:$B$161,Calc!$B$5,Data!$C$2:$C$161,$B16,Data!$I$2:$I$161,Calc!$A$21) -> 1 | E16: =COUNTIFS(Data!$B$2:$B$161,Calc!$B$5,Data!$C$2:$C$161,$B16,Data!$I$2:$I$161,Calc!$A$22) -> 4 | G16: =COUNTIFS(Data!$B$2:$B$161,Calc!$B$5,Data!$C$2:$C$161,$B16,Data!$I$2:$I$161,Calc!$A$23) -> 4 | I16: =COUNTIFS(Data!$B$2:$B$161,Calc!$B$5,Data!$C$2:$C$161,$B16,Data!$I$2:$I$161,Calc!$A$24) -> 3 | K16: =COUNTIFS(Data!$B$2:$B$161,Calc!$B$5,Data!$C$2:$C$161,$B16,Data!$I$2:$I$161,Calc!$A$25) -> 7 | M16: =COUNTIFS(Data!$B$2:$B$161,Calc!$B$5,Data!$C$2:$C$161,$B16,Data!$I$2:$I$161,Calc!$A$26) -> 3 | O16: =COUNTIFS(Data!$B$2:$B$161,Calc!$B$5,Data!$C$2:$C$161,$B16,Data!$I$2:$I$161,Calc!$A$27) -> 1 | Q16: =COUNTIFS(Data!$B$2:$B$161,Calc!$B$5,Data!$C$2:$C$161,$B16,Data!$I$2:$I$161,Calc!$A$28) -> 0 | S16: =COUNTIFS(Data!$B$2:$B$161,Calc!$B$5,Data!$C$2:$C$161,$B16,Data!$I$2:$I$161,Calc!$A$29) -> 0 | U16: =COUNTIFS(Data!$B$2:$B$161,Calc!$B$5,Data!$C$2:$C$161,$B16,Data!$I$2:$I$161,Calc!$A$30) -> 0 | W16: =COUNTIFS(Data!$B$2:$B$161,Calc!$B$5,Data!$C$2:$C$161,$B16,Data!$I$2:$I$161,Calc!$A$31) -> 0 | Y16: =COUNTIFS(Data!$B$2:$B$161,Calc!$B$5,Data!$C$2:$C$161,$B16,Data!$I$2:$I$161,Calc!$A$32) -> 0 | AA16: =COUNTIFS(Data!$B$2:$B$161,Calc!$B$5,Data!$C$2:$C$161,$B16,Data!$I$2:$I$161,Calc!$A$33) -> 0 | AC16: =SUM(C16:AB16) -> 23
B17: Pipette | C17: =COUNTIFS(Data!$B$2:$B$161,Calc!$B$5,Data!$C$2:$C$161,$B17,Data!$I$2:$I$161,Calc!$A$21) -> 0 | E17: =COUNTIFS(Data!$B$2:$B$161,Calc!$B$5,Data!$C$2:$C$161,$B17,Data!$I$2:$I$161,Calc!$A$22) -> 2 | G17: =COUNTIFS(Data!$B$2:$B$161,Calc!$B$5,Data!$C$2:$C$161,$B17,Data!$I$2:$I$161,Calc!$A$23) -> 6 | I17: =COUNTIFS(Data!$B$2:$B$161,Calc!$B$5,Data!$C$2:$C$161,$B17,Data!$I$2:$I$161,Calc!$A$24) -> 3 | K17: =COUNTIFS(Data!$B$2:$B$161,Calc!$B$5,Data!$C$2:$C$161,$B17,Data!$I$2:$I$161,Calc!$A$25) -> 4 | M17: =COUNTIFS(Data!$B$2:$B$161,Calc!$B$5,Data!$C$2:$C$161,$B17,Data!$I$2:$I$161,Calc!$A$26) -> 1 | O17: =COUNTIFS(Data!$B$2:$B$161,Calc!$B$5,Data!$C$2:$C$161,$B17,Data!$I$2:$I$161,Calc!$A$27) -> 2 | Q17: =COUNTIFS(Data!$B$2:$B$161,Calc!$B$5,Data!$C$2:$C$161,$B17,Data!$I$2:$I$161,Calc!$A$28) -> 0 | S17: =COUNTIFS(Data!$B$2:$B$161,Calc!$B$5,Data!$C$2:$C$161,$B17,Data!$I$2:$I$161,Calc!$A$29) -> 0 | U17: =COUNTIFS(Data!$B$2:$B$161,Calc!$B$5,Data!$C$2:$C$161,$B17,Data!$I$2:$I$161,Calc!$A$30) -> 0 | W17: =COUNTIFS(Data!$B$2:$B$161,Calc!$B$5,Data!$C$2:$C$161,$B17,Data!$I$2:$I$161,Calc!$A$31) -> 0 | Y17: =COUNTIFS(Data!$B$2:$B$161,Calc!$B$5,Data!$C$2:$C$161,$B17,Data!$I$2:$I$161,Calc!$A$32) -> 0 | AA17: =COUNTIFS(Data!$B$2:$B$161,Calc!$B$5,Data!$C$2:$C$161,$B17,Data!$I$2:$I$161,Calc!$A$33) -> 0 | AC17: =SUM(C17:AB17) -> 18
B18: Spectrophotometer | C18: =COUNTIFS(Data!$B$2:$B$161,Calc!$B$5,Data!$C$2:$C$161,$B18,Data!$I$2:$I$161,Calc!$A$21) -> 0 | E18: =COUNTIFS(Data!$B$2:$B$161,Calc!$B$5,Data!$C$2:$C$161,$B18,Data!$I$2:$I$161,Calc!$A$22) -> 4 | G18: =COUNTIFS(Data!$B$2:$B$161,Calc!$B$5,Data!$C$2:$C$161,$B18,Data!$I$2:$I$161,Calc!$A$23) -> 3 | I18: =COUNTIFS(Data!$B$2:$B$161,Calc!$B$5,Data!$C$2:$C$161,$B18,Data!$I$2:$I$161,Calc!$A$24) -> 2 | K18: =COUNTIFS(Data!$B$2:$B$161,Calc!$B$5,Data!$C$2:$C$161,$B18,Data!$I$2:$I$161,Calc!$A$25) -> 2 | M18: =COUNTIFS(Data!$B$2:$B$161,Calc!$B$5,Data!$C$2:$C$161,$B18,Data!$I$2:$I$161,Calc!$A$26) -> 3 | O18: =COUNTIFS(Data!$B$2:$B$161,Calc!$B$5,Data!$C$2:$C$161,$B18,Data!$I$2:$I$161,Calc!$A$27) -> 3 | Q18: =COUNTIFS(Data!$B$2:$B$161,Calc!$B$5,Data!$C$2:$C$161,$B18,Data!$I$2:$I$161,Calc!$A$28) -> 1 | S18: =COUNTIFS(Data!$B$2:$B$161,Calc!$B$5,Data!$C$2:$C$161,$B18,Data!$I$2:$I$161,Calc!$A$29) -> 2 | U18: =COUNTIFS(Data!$B$2:$B$161,Calc!$B$5,Data!$C$2:$C$161,$B18,Data!$I$2:$I$161,Calc!$A$30) -> 1 | W18: =COUNTIFS(Data!$B$2:$B$161,Calc!$B$5,Data!$C$2:$C$161,$B18,Data!$I$2:$I$161,Calc!$A$31) -> 5 | Y18: =COUNTIFS(Data!$B$2:$B$161,Calc!$B$5,Data!$C$2:$C$161,$B18,Data!$I$2:$I$161,Calc!$A$32) -> 3 | AA18: =COUNTIFS(Data!$B$2:$B$161,Calc!$B$5,Data!$C$2:$C$161,$B18,Data!$I$2:$I$161,Calc!$A$33) -> 0 | AC18: =SUM(C18:AB18) -> 29
C20: Overdue (red) | I20: 1 due | O20: 2-3 due | U20: 4+ due (crunch) | AA20: Cell = number of instruments
B56: ALL-DEPARTMENT SCORECARD
B57: Department | J57: Instruments | O57: Overdue | T57: On-time % | Z57: Status
B58: =Calc!F4 -> QC Lab | J58: =Calc!G4 -> 74 | O58: =Calc!H4 -> 0 | T58: =Calc!K4 -> 1 | Z58: =Calc!L4 -> ON TRACK
B59: =Calc!F5 -> Production | J59: =Calc!G5 -> 32 | O59: =Calc!H5 -> 5 | T59: =Calc!K5 -> 0.84375 | Z59: =Calc!L5 -> ACTION NEEDED
B60: =Calc!F6 -> Warehouse | J60: =Calc!G6 -> 11 | O60: =Calc!H6 -> 1 | T60: =Calc!K6 -> 0.90909091 | Z60: =Calc!L6 -> WATCH
B61: =Calc!F7 -> Engineering | J61: =Calc!G7 -> 11 | O61: =Calc!H7 -> 0 | T61: =Calc!K7 -> 1 | Z61: =Calc!L7 -> ON TRACK
B62: =Calc!F8 -> Microbiology | J62: =Calc!G8 -> 32 | O62: =Calc!H8 -> 2 | T62: =Calc!K8 -> 0.9375 | Z62: =Calc!L8 -> ON TRACK
B63: =Calc!F9 -> All | J63: =Calc!G9 -> 160 | O63: =Calc!H9 -> 8 | T63: =Calc!K9 -> 0.95 | Z63: =Calc!L9 -> ON TRACK
B66: Sample dashboard built with made-up data for portfolio demonstration. Not client work.
B67: Simulated register; not a validated system. Replace 'Data' columns A:E with your own register and set the as-of date on 'Calc'.

Sheet Calc
A1: Calculation sheet - feeds the Dashboard
A3: As-of date (editable) | B3: 46304 | F3: Department | G3: Instruments | H3: Overdue | I3: Due 30d | J3: In date | K3: On-time % | L3: Status | N3: Type | O3: Total | P3: Overdue | Q3: Due 30d
A4: Selected department | B4: =Dashboard!$C$3 -> All | F4: QC Lab | G4: =COUNTIFS(Data!$B$2:$B$161,IF($F4="All","*",$F4)) -> 74 | H4: =COUNTIFS(Data!$B$2:$B$161,IF($F4="All","*",$F4),Data!$H$2:$H$161,"Overdue") -> 0 | I4: =COUNTIFS(Data!$B$2:$B$161,IF($F4="All","*",$F4),Data!$H$2:$H$161,"Due 30d") -> 16 | J4: =COUNTIFS(Data!$B$2:$B$161,IF($F4="All","*",$F4),Data!$H$2:$H$161,"OK") -> 58 | K4: =1-H4/G4 -> 1 | L4: =IF(K4>=0.93,"ON TRACK",IF(K4>=0.85,"WATCH","ACTION NEEDED")) -> ON TRACK | N4: Balance | O4: =COUNTIFS(Data!$B$2:$B$161,$B$5,Data!$C$2:$C$161,$N4) -> 22 | P4: =COUNTIFS(Data!$B$2:$B$161,$B$5,Data!$C$2:$C$161,$N4,Data!$H$2:$H$161,"Overdue") -> 4 | Q4: =COUNTIFS(Data!$B$2:$B$161,$B$5,Data!$C$2:$C$161,$N4,Data!$H$2:$H$161,"Due 30d") -> 7
A5: Department key | B5: =IF($B$4="All","*",$B$4) -> * | F5: Production | G5: =COUNTIFS(Data!$B$2:$B$161,IF($F5="All","*",$F5)) -> 32 | H5: =COUNTIFS(Data!$B$2:$B$161,IF($F5="All","*",$F5),Data!$H$2:$H$161,"Overdue") -> 5 | I5: =COUNTIFS(Data!$B$2:$B$161,IF($F5="All","*",$F5),Data!$H$2:$H$161,"Due 30d") -> 7 | J5: =COUNTIFS(Data!$B$2:$B$161,IF($F5="All","*",$F5),Data!$H$2:$H$161,"OK") -> 20 | K5: =1-H5/G5 -> 0.84375 | L5: =IF(K5>=0.93,"ON TRACK",IF(K5>=0.85,"WATCH","ACTION NEEDED")) -> ACTION NEEDED | N5: pH Meter | O5: =COUNTIFS(Data!$B$2:$B$161,$B$5,Data!$C$2:$C$161,$N5) -> 16 | P5: =COUNTIFS(Data!$B$2:$B$161,$B$5,Data!$C$2:$C$161,$N5,Data!$H$2:$H$161,"Overdue") -> 0 | Q5: =COUNTIFS(Data!$B$2:$B$161,$B$5,Data!$C$2:$C$161,$N5,Data!$H$2:$H$161,"Due 30d") -> 7
F6: Warehouse | G6: =COUNTIFS(Data!$B$2:$B$161,IF($F6="All","*",$F6)) -> 11 | H6: =COUNTIFS(Data!$B$2:$B$161,IF($F6="All","*",$F6),Data!$H$2:$H$161,"Overdue") -> 1 | I6: =COUNTIFS(Data!$B$2:$B$161,IF($F6="All","*",$F6),Data!$H$2:$H$161,"Due 30d") -> 3 | J6: =COUNTIFS(Data!$B$2:$B$161,IF($F6="All","*",$F6),Data!$H$2:$H$161,"OK") -> 7 | K6: =1-H6/G6 -> 0.90909091 | L6: =IF(K6>=0.93,"ON TRACK",IF(K6>=0.85,"WATCH","ACTION NEEDED")) -> WATCH | N6: HPLC | O6: =COUNTIFS(Data!$B$2:$B$161,$B$5,Data!$C$2:$C$161,$N6) -> 16 | P6: =COUNTIFS(Data!$B$2:$B$161,$B$5,Data!$C$2:$C$161,$N6,Data!$H$2:$H$161,"Overdue") -> 0 | Q6: =COUNTIFS(Data!$B$2:$B$161,$B$5,Data!$C$2:$C$161,$N6,Data!$H$2:$H$161,"Due 30d") -> 2
A7: Longest overdue (days) | B7: =IFERROR(-_xlfn.AGGREGATE(15,6,Data!$G$2:$G$161/((($B$4="All")+(Data!$B$2:$B$161=$B$4)>0)*(Data!$G$2:$G$161<0)),1),0) -> 59 | F7: Engineering | G7: =COUNTIFS(Data!$B$2:$B$161,IF($F7="All","*",$F7)) -> 11 | H7: =COUNTIFS(Data!$B$2:$B$161,IF($F7="All","*",$F7),Data!$H$2:$H$161,"Overdue") -> 0 | I7: =COUNTIFS(Data!$B$2:$B$161,IF($F7="All","*",$F7),Data!$H$2:$H$161,"Due 30d") -> 1 | J7: =COUNTIFS(Data!$B$2:$B$161,IF($F7="All","*",$F7),Data!$H$2:$H$161,"OK") -> 10 | K7: =1-H7/G7 -> 1 | L7: =IF(K7>=0.93,"ON TRACK",IF(K7>=0.85,"WATCH","ACTION NEEDED")) -> ON TRACK | N7: Thermometer | O7: =COUNTIFS(Data!$B$2:$B$161,$B$5,Data!$C$2:$C$161,$N7) -> 15 | P7: =COUNTIFS(Data!$B$2:$B$161,$B$5,Data!$C$2:$C$161,$N7,Data!$H$2:$H$161,"Overdue") -> 2 | Q7: =COUNTIFS(Data!$B$2:$B$161,$B$5,Data!$C$2:$C$161,$N7,Data!$H$2:$H$161,"Due 30d") -> 0
A8: Next due (days) | B8: =IFERROR(_xlfn.AGGREGATE(15,6,Data!$G$2:$G$161/((($B$4="All")+(Data!$B$2:$B$161=$B$4)>0)*(Data!$G$2:$G$161>=0)),1),0) -> 1 | F8: Microbiology | G8: =COUNTIFS(Data!$B$2:$B$161,IF($F8="All","*",$F8)) -> 32 | H8: =COUNTIFS(Data!$B$2:$B$161,IF($F8="All","*",$F8),Data!$H$2:$H$161,"Overdue") -> 2 | I8: =COUNTIFS(Data!$B$2:$B$161,IF($F8="All","*",$F8),Data!$H$2:$H$161,"Due 30d") -> 8 | J8: =COUNTIFS(Data!$B$2:$B$161,IF($F8="All","*",$F8),Data!$H$2:$H$161,"OK") -> 22 | K8: =1-H8/G8 -> 0.9375 | L8: =IF(K8>=0.93,"ON TRACK",IF(K8>=0.85,"WATCH","ACTION NEEDED")) -> ON TRACK | N8: Pressure Gauge | O8: =COUNTIFS(Data!$B$2:$B$161,$B$5,Data!$C$2:$C$161,$N8) -> 21 | P8: =COUNTIFS(Data!$B$2:$B$161,$B$5,Data!$C$2:$C$161,$N8,Data!$H$2:$H$161,"Overdue") -> 1 | Q8: =COUNTIFS(Data!$B$2:$B$161,$B$5,Data!$C$2:$C$161,$N8,Data!$H$2:$H$161,"Due 30d") -> 5
F9: All | G9: =COUNTIFS(Data!$B$2:$B$161,IF($F9="All","*",$F9)) -> 160 | H9: =COUNTIFS(Data!$B$2:$B$161,IF($F9="All","*",$F9),Data!$H$2:$H$161,"Overdue") -> 8 | I9: =COUNTIFS(Data!$B$2:$B$161,IF($F9="All","*",$F9),Data!$H$2:$H$161,"Due 30d") -> 35 | J9: =COUNTIFS(Data!$B$2:$B$161,IF($F9="All","*",$F9),Data!$H$2:$H$161,"OK") -> 117 | K9: =1-H9/G9 -> 0.95 | L9: =IF(K9>=0.93,"ON TRACK",IF(K9>=0.85,"WATCH","ACTION NEEDED")) -> ON TRACK | N9: Autoclave Sensor | O9: =COUNTIFS(Data!$B$2:$B$161,$B$5,Data!$C$2:$C$161,$N9) -> 23 | P9: =COUNTIFS(Data!$B$2:$B$161,$B$5,Data!$C$2:$C$161,$N9,Data!$H$2:$H$161,"Overdue") -> 1 | Q9: =COUNTIFS(Data!$B$2:$B$161,$B$5,Data!$C$2:$C$161,$N9,Data!$H$2:$H$161,"Due 30d") -> 5
N10: Pipette | O10: =COUNTIFS(Data!$B$2:$B$161,$B$5,Data!$C$2:$C$161,$N10) -> 18 | P10: =COUNTIFS(Data!$B$2:$B$161,$B$5,Data!$C$2:$C$161,$N10,Data!$H$2:$H$161,"Overdue") -> 0 | Q10: =COUNTIFS(Data!$B$2:$B$161,$B$5,Data!$C$2:$C$161,$N10,Data!$H$2:$H$161,"Due 30d") -> 3
A11: Status mix (selected dept) | N11: Spectrophotometer | O11: =COUNTIFS(Data!$B$2:$B$161,$B$5,Data!$C$2:$C$161,$N11) -> 29 | P11: =COUNTIFS(Data!$B$2:$B$161,$B$5,Data!$C$2:$C$161,$N11,Data!$H$2:$H$161,"Overdue") -> 0 | Q11: =COUNTIFS(Data!$B$2:$B$161,$B$5,Data!$C$2:$C$161,$N11,Data!$H$2:$H$161,"Due 30d") -> 6
A12: Overdue | B12: =INDEX($H$4:$H$9,MATCH($B$4,$F$4:$F$9,0)) -> 8
A13: Due in 30 days | B13: =INDEX($I$4:$I$9,MATCH($B$4,$F$4:$F$9,0)) -> 35
A14: In date | B14: =INDEX($J$4:$J$9,MATCH($B$4,$F$4:$F$9,0)) -> 117
A20: Bucket | B20: Month | C20: Calibrations due | D20: Cumulative due
A21: -1 | B21: Overdue | C21: =COUNTIFS(Data!$B$2:$B$161,$B$5,Data!$I$2:$I$161,$A21) -> 8 | D21: =SUM($C$21:C21) -> 8
A22: 0 | B22: =TEXT(EDATE(DATE(YEAR($B$3),MONTH($B$3),1),A22),"mmm") -> Oct | C22: =COUNTIFS(Data!$B$2:$B$161,$B$5,Data!$I$2:$I$161,$A22) -> 26 | D22: =SUM($C$21:C22) -> 34
A23: 1 | B23: =TEXT(EDATE(DATE(YEAR($B$3),MONTH($B$3),1),A23),"mmm") -> Nov | C23: =COUNTIFS(Data!$B$2:$B$161,$B$5,Data!$I$2:$I$161,$A23) -> 32 | D23: =SUM($C$21:C23) -> 66
A24: 2 | B24: =TEXT(EDATE(DATE(YEAR($B$3),MONTH($B$3),1),A24),"mmm") -> Dec | C24: =COUNTIFS(Data!$B$2:$B$161,$B$5,Data!$I$2:$I$161,$A24) -> 34 | D24: =SUM($C$21:C24) -> 100
A25: 3 | B25: =TEXT(EDATE(DATE(YEAR($B$3),MONTH($B$3),1),A25),"mmm") -> Jan | C25: =COUNTIFS(Data!$B$2:$B$161,$B$5,Data!$I$2:$I$161,$A25) -> 19 | D25: =SUM($C$21:C25) -> 119
A26: 4 | B26: =TEXT(EDATE(DATE(YEAR($B$3),MONTH($B$3),1),A26),"mmm") -> Feb | C26: =COUNTIFS(Data!$B$2:$B$161,$B$5,Data!$I$2:$I$161,$A26) -> 12 | D26: =SUM($C$21:C26) -> 131
A27: 5 | B27: =TEXT(EDATE(DATE(YEAR($B$3),MONTH($B$3),1),A27),"mmm") -> Mar | C27: =COUNTIFS(Data!$B$2:$B$161,$B$5,Data!$I$2:$I$161,$A27) -> 9 | D27: =SUM($C$21:C27) -> 140
A28: 6 | B28: =TEXT(EDATE(DATE(YEAR($B$3),MONTH($B$3),1),A28),"mmm") -> Apr | C28: =COUNTIFS(Data!$B$2:$B$161,$B$5,Data!$I$2:$I$161,$A28) -> 3 | D28: =SUM($C$21:C28) -> 143
A29: 7 | B29: =TEXT(EDATE(DATE(YEAR($B$3),MONTH($B$3),1),A29),"mmm") -> May | C29: =COUNTIFS(Data!$B$2:$B$161,$B$5,Data!$I$2:$I$161,$A29) -> 2 | D29: =SUM($C$21:C29) -> 145
A30: 8 | B30: =TEXT(EDATE(DATE(YEAR($B$3),MONTH($B$3),1),A30),"mmm") -> Jun | C30: =COUNTIFS(Data!$B$2:$B$161,$B$5,Data!$I$2:$I$161,$A30) -> 4 | D30: =SUM($C$21:C30) -> 149
A31: 9 | B31: =TEXT(EDATE(DATE(YEAR($B$3),MONTH($B$3),1),A31),"mmm") -> Jul | C31: =COUNTIFS(Data!$B$2:$B$161,$B$5,Data!$I$2:$I$161,$A31) -> 7 | D31: =SUM($C$21:C31) -> 156
A32: 10 | B32: =TEXT(EDATE(DATE(YEAR($B$3),MONTH($B$3),1),A32),"mmm") -> Aug | C32: =COUNTIFS(Data!$B$2:$B$161,$B$5,Data!$I$2:$I$161,$A32) -> 4 | D32: =SUM($C$21:C32) -> 160
A33: 11 | B33: =TEXT(EDATE(DATE(YEAR($B$3),MONTH($B$3),1),A33),"mmm")&"+" -> Sep+ | C33: =COUNTIFS(Data!$B$2:$B$161,$B$5,Data!$I$2:$I$161,$A33) -> 0 | D33: =SUM($C$21:C33) -> 160

Sheet Data
A1: ID | B1: Dept | C1: Type | D1: LastCal | E1: IntervalDays | F1: DueDate | G1: DaysToDue | H1: Status | I1: Bucket | K1: Instrument calibration register - SAMPLE DATA (simulated, no real equipment or company data). Replace columns A:E with your own register; F:I are formulas.
A2: INS-1001 | B2: QC Lab | C2: Spectrophotometer | D2: 46248 | E2: 365 | F2: =D2+E2 -> 46613 | G2: =F2-Calc!$B$3 -> 309 | H2: =IF(G2<0,"Overdue",IF(G2<=30,"Due 30d","OK")) -> OK | I2: =IF(G2<0,-1,MIN(11,(YEAR(F2)-YEAR(Calc!$B$3))*12+MONTH(F2)-MONTH(Calc!$B$3))) -> 10
A3: INS-1002 | B3: Microbiology | C3: Autoclave Sensor | D3: 46140 | E3: 180 | F3: =D3+E3 -> 46320 | G3: =F3-Calc!$B$3 -> 16 | H3: =IF(G3<0,"Overdue",IF(G3<=30,"Due 30d","OK")) -> Due 30d | I3: =IF(G3<0,-1,MIN(11,(YEAR(F3)-YEAR(Calc!$B$3))*12+MONTH(F3)-MONTH(Calc!$B$3))) -> 0
A4: INS-1003 | B4: QC Lab | C4: Spectrophotometer | D4: 46079 | E4: 365 | F4: =D4+E4 -> 46444 | G4: =F4-Calc!$B$3 -> 140 | H4: =IF(G4<0,"Overdue",IF(G4<=30,"Due 30d","OK")) -> OK | I4: =IF(G4<0,-1,MIN(11,(YEAR(F4)-YEAR(Calc!$B$3))*12+MONTH(F4)-MONTH(Calc!$B$3))) -> 4
A5: INS-1004 | B5: QC Lab | C5: Spectrophotometer | D5: 46225 | E5: 365 | F5: =D5+E5 -> 46590 | G5: =F5-Calc!$B$3 -> 286 | H5: =IF(G5<0,"Overdue",IF(G5<=30,"Due 30d","OK")) -> OK | I5: =IF(G5<0,-1,MIN(11,(YEAR(F5)-YEAR(Calc!$B$3))*12+MONTH(F5)-MONTH(Calc!$B$3))) -> 9
A6: INS-1005 | B6: Production | C6: Pressure Gauge | D6: 46133 | E6: 365 | F6: =D6+E6 -> 46498 | G6: =F6-Calc!$B$3 -> 194 | H6: =IF(G6<0,"Overdue",IF(G6<=30,"Due 30d","OK")) -> OK | I6: =IF(G6<0,-1,MIN(11,(YEAR(F6)-YEAR(Calc!$B$3))*12+MONTH(F6)-MONTH(Calc!$B$3))) -> 6
A7: INS-1006 | B7: QC Lab | C7: pH Meter | D7: 46216 | E7: 90 | F7: =D7+E7 -> 46306 | G7: =F7-Calc!$B$3 -> 2 | H7: =IF(G7<0,"Overdue",IF(G7<=30,"Due 30d","OK")) -> Due 30d | I7: =IF(G7<0,-1,MIN(11,(YEAR(F7)-YEAR(Calc!$B$3))*12+MONTH(F7)-MONTH(Calc!$B$3))) -> 0
A8: INS-1007 | B8: Engineering | C8: Thermometer | D8: 46045 | E8: 365 | F8: =D8+E8 -> 46410 | G8: =F8-Calc!$B$3 -> 106 | H8: =IF(G8<0,"Overdue",IF(G8<=30,"Due 30d","OK")) -> OK | I8: =IF(G8<0,-1,MIN(11,(YEAR(F8)-YEAR(Calc!$B$3))*12+MONTH(F8)-MONTH(Calc!$B$3))) -> 3
A9: INS-1008 | B9: QC Lab | C9: Spectrophotometer | D9: 46208 | E9: 365 | F9: =D9+E9 -> 46573 | G9: =F9-Calc!$B$3 -> 269 | H9: =IF(G9<0,"Overdue",IF(G9<=30,"Due 30d","OK")) -> OK | I9: =IF(G9<0,-1,MIN(11,(YEAR(F9)-YEAR(Calc!$B$3))*12+MONTH(F9)-MONTH(Calc!$B$3))) -> 9
A10: INS-1009 | B10: Engineering | C10: Pressure Gauge | D10: 45982 | E10: 365 | F10: =D10+E10 -> 46347 | G10: =F10-Calc!$B$3 -> 43 | H10: =IF(G10<0,"Overdue",IF(G10<=30,"Due 30d","OK")) -> OK | I10: =IF(G10<0,-1,MIN(11,(YEAR(F10)-YEAR(Calc!$B$3))*12+MONTH(F10)-MONTH(Calc!$B$3))) -> 1
A11: INS-1010 | B11: Production | C11: Autoclave Sensor | D11: 46195 | E11: 180 | F11: =D11+E11 -> 46375 | G11: =F11-Calc!$B$3 -> 71 | H11: =IF(G11<0,"Overdue",IF(G11<=30,"Due 30d","OK")) -> OK | I11: =IF(G11<0,-1,MIN(11,(YEAR(F11)-YEAR(Calc!$B$3))*12+MONTH(F11)-MONTH(Calc!$B$3))) -> 2
A12: INS-1011 | B12: QC Lab | C12: Spectrophotometer | D12: 45952 | E12: 365 | F12: =D12+E12 -> 46317 | G12: =F12-Calc!$B$3 -> 13 | H12: =IF(G12<0,"Overdue",IF(G12<=30,"Due 30d","OK")) -> Due 30d | I12: =IF(G12<0,-1,MIN(11,(YEAR(F12)-YEAR(Calc!$B$3))*12+MONTH(F12)-MONTH(Calc!$B$3))) -> 0
A13: INS-1012 | B13: Production | C13: Autoclave Sensor | D13: 46261 | E13: 180 | F13: =D13+E13 -> 46441 | G13: =F13-Calc!$B$3 -> 137 | H13: =IF(G13<0,"Overdue",IF(G13<=30,"Due 30d","OK")) -> OK | I13: =IF(G13<0,-1,MIN(11,(YEAR(F13)-YEAR(Calc!$B$3))*12+MONTH(F13)-MONTH(Calc!$B$3))) -> 4
... A161: INS-1160 | B161: Production | C161: Autoclave Sensor | D161: 46225 | E161: 180 | F161: =D161+E161 -> 46405 | G161: =F161-Calc!$B$3 -> 101 | H161: =IF(G161<0,"Overdue",IF(G161<=30,"Due 30d","OK")) -> OK | I161: =IF(G161<0,-1,MIN(11,(YEAR(F161)-YEAR(Calc!$B$3))*12+MONTH(F161)-MONTH(Calc!$B$3))) -> 3
