Workbook

Sheet Dashboard
B1: PHARMA QA INTELLIGENCE DASHBOARD | Deviation - CAPA - OOS/OOT - Documents - Batch Release | V1: Month | W1: Deviations | X1: OOS/OOT | Z1: Department | AA1: Open + Overdue | AC1: CAPA Status | AD1: CAPAs | AF1: Review Status | AG1: Documents | AI1: Root Cause | AJ1: Records
V2: Oct-25 | W2: =COUNTIFS(Deviation!$B$2:$B$321,">=45931",Deviation!$B$2:$B$321,"<45962",Deviation!$D$2:$D$321,"Deviation") -> 18 | X2: =COUNTIFS(Deviation!$B$2:$B$321,">=45931",Deviation!$B$2:$B$321,"<45962",Deviation!$D$2:$D$321,"<>Deviation") -> 8 | Z2: QC | AA2: =COUNTIFS(Deviation!$C$2:$C$321,Z2,Deviation!$G$2:$G$321,"<>Closed") -> 17 | AC2: Closed | AD2: =COUNTIFS(CAPA!$E$2:$E$181,AC2) -> 86 | AF2: Reviewed | AG2: =COUNTIFS(Documents!$E$2:$E$141,AF2) -> 69 | AI2: Human error | AJ2: =COUNTIFS(Deviation!$F$2:$F$321,AI2) -> 69
V3: Nov-25 | W3: =COUNTIFS(Deviation!$B$2:$B$321,">=45962",Deviation!$B$2:$B$321,"<45992",Deviation!$D$2:$D$321,"Deviation") -> 19 | X3: =COUNTIFS(Deviation!$B$2:$B$321,">=45962",Deviation!$B$2:$B$321,"<45992",Deviation!$D$2:$D$321,"<>Deviation") -> 11 | Z3: Production | AA3: =COUNTIFS(Deviation!$C$2:$C$321,Z3,Deviation!$G$2:$G$321,"<>Closed") -> 18 | AC3: Open | AD3: =COUNTIFS(CAPA!$E$2:$E$181,AC3) -> 66 | AF3: Due in 30 days | AG3: =COUNTIFS(Documents!$E$2:$E$141,AF3) -> 17 | AI3: Equipment | AJ3: =COUNTIFS(Deviation!$F$2:$F$321,AI3) -> 64
B4: TOTAL QA RECORDS | E4: OPEN + OVERDUE | H4: OVERDUE CAPA | K4: CLOSED ON TIME % | N4: OOS / OOT CASES | Q4: DOCS PENDING / OVERDUE | V4: Dec-25 | W4: =COUNTIFS(Deviation!$B$2:$B$321,">=45992",Deviation!$B$2:$B$321,"<46023",Deviation!$D$2:$D$321,"Deviation") -> 20 | X4: =COUNTIFS(Deviation!$B$2:$B$321,">=45992",Deviation!$B$2:$B$321,"<46023",Deviation!$D$2:$D$321,"<>Deviation") -> 8 | Z4: Packing | AA4: =COUNTIFS(Deviation!$C$2:$C$321,Z4,Deviation!$G$2:$G$321,"<>Closed") -> 15 | AC4: Overdue | AD4: =COUNTIFS(CAPA!$E$2:$E$181,AC4) -> 28 | AF4: Pending | AG4: =COUNTIFS(Documents!$E$2:$E$141,AF4) -> 27 | AI4: Material | AJ4: =COUNTIFS(Deviation!$F$2:$F$321,AI4) -> 67
B5: =COUNTA(Deviation!A2:A321) -> 320 | E5: =COUNTIFS(Deviation!G2:G321,"<>Closed") -> 103 | H5: =COUNTIFS(CAPA!E2:E181,"Overdue") -> 28 | K5: =COUNTIFS(Deviation!I2:I321,"Yes")/(COUNTIFS(Deviation!I2:I321,"Yes")+COUNTIFS(Deviation!I2:I321,"No")) -> 0.60368664 | N5: =COUNTIFS(Deviation!D2:D321,"<>Deviation") -> 95 | Q5: =COUNTIFS(Documents!E2:E141,"Pending")+COUNTIFS(Documents!E2:E141,"Overdue") -> 54 | V5: Jan-26 | W5: =COUNTIFS(Deviation!$B$2:$B$321,">=46023",Deviation!$B$2:$B$321,"<46054",Deviation!$D$2:$D$321,"Deviation") -> 18 | X5: =COUNTIFS(Deviation!$B$2:$B$321,">=46023",Deviation!$B$2:$B$321,"<46054",Deviation!$D$2:$D$321,"<>Deviation") -> 8 | Z5: Warehouse | AA5: =COUNTIFS(Deviation!$C$2:$C$321,Z5,Deviation!$G$2:$G$321,"<>Closed") -> 19 | AF5: Overdue | AG5: =COUNTIFS(Documents!$E$2:$E$141,AF5) -> 27 | AI5: Process | AJ5: =COUNTIFS(Deviation!$F$2:$F$321,AI5) -> 58
V6: Feb-26 | W6: =COUNTIFS(Deviation!$B$2:$B$321,">=46054",Deviation!$B$2:$B$321,"<46082",Deviation!$D$2:$D$321,"Deviation") -> 15 | X6: =COUNTIFS(Deviation!$B$2:$B$321,">=46054",Deviation!$B$2:$B$321,"<46082",Deviation!$D$2:$D$321,"<>Deviation") -> 8 | Z6: QA | AA6: =COUNTIFS(Deviation!$C$2:$C$321,Z6,Deviation!$G$2:$G$321,"<>Closed") -> 18 | AI6: Documentation | AJ6: =COUNTIFS(Deviation!$F$2:$F$321,AI6) -> 62
V7: Mar-26 | W7: =COUNTIFS(Deviation!$B$2:$B$321,">=46082",Deviation!$B$2:$B$321,"<46113",Deviation!$D$2:$D$321,"Deviation") -> 21 | X7: =COUNTIFS(Deviation!$B$2:$B$321,">=46082",Deviation!$B$2:$B$321,"<46113",Deviation!$D$2:$D$321,"<>Deviation") -> 11 | Z7: Engineering | AA7: =COUNTIFS(Deviation!$C$2:$C$321,Z7,Deviation!$G$2:$G$321,"<>Closed") -> 16
V8: Apr-26 | W8: =COUNTIFS(Deviation!$B$2:$B$321,">=46113",Deviation!$B$2:$B$321,"<46143",Deviation!$D$2:$D$321,"Deviation") -> 22 | X8: =COUNTIFS(Deviation!$B$2:$B$321,">=46113",Deviation!$B$2:$B$321,"<46143",Deviation!$D$2:$D$321,"<>Deviation") -> 6
V9: May-26 | W9: =COUNTIFS(Deviation!$B$2:$B$321,">=46143",Deviation!$B$2:$B$321,"<46174",Deviation!$D$2:$D$321,"Deviation") -> 18 | X9: =COUNTIFS(Deviation!$B$2:$B$321,">=46143",Deviation!$B$2:$B$321,"<46174",Deviation!$D$2:$D$321,"<>Deviation") -> 8
V10: Jun-26 | W10: =COUNTIFS(Deviation!$B$2:$B$321,">=46174",Deviation!$B$2:$B$321,"<46204",Deviation!$D$2:$D$321,"Deviation") -> 25 | X10: =COUNTIFS(Deviation!$B$2:$B$321,">=46174",Deviation!$B$2:$B$321,"<46204",Deviation!$D$2:$D$321,"<>Deviation") -> 8
V11: Jul-26 | W11: =COUNTIFS(Deviation!$B$2:$B$321,">=46204",Deviation!$B$2:$B$321,"<46235",Deviation!$D$2:$D$321,"Deviation") -> 14 | X11: =COUNTIFS(Deviation!$B$2:$B$321,">=46204",Deviation!$B$2:$B$321,"<46235",Deviation!$D$2:$D$321,"<>Deviation") -> 5
V12: Aug-26 | W12: =COUNTIFS(Deviation!$B$2:$B$321,">=46235",Deviation!$B$2:$B$321,"<46266",Deviation!$D$2:$D$321,"Deviation") -> 17 | X12: =COUNTIFS(Deviation!$B$2:$B$321,">=46235",Deviation!$B$2:$B$321,"<46266",Deviation!$D$2:$D$321,"<>Deviation") -> 3
V13: Sep-26 | W13: =COUNTIFS(Deviation!$B$2:$B$321,">=46266",Deviation!$B$2:$B$321,"<46296",Deviation!$D$2:$D$321,"Deviation") -> 18 | X13: =COUNTIFS(Deviation!$B$2:$B$321,">=46266",Deviation!$B$2:$B$321,"<46296",Deviation!$D$2:$D$321,"<>Deviation") -> 11
B40: MANAGEMENT INSIGHTS
B41: ="1. Highest pending load: "&INDEX(Z2:Z7,MATCH(MAX(AA2:AA7),AA2:AA7,0))&" department ("&MAX(AA2:AA7)&" open/overdue records) - prioritise closure follow-up." -> 1. Highest pending load: Warehouse department (19 open/overdue records) - prioritise closure follow-up.
B42: ="2. Most frequent root cause: "&INDEX(AI2:AI6,MATCH(MAX(AJ2:AJ6),AJ2:AJ6,0))&" ("&MAX(AJ2:AJ6)&" records) - target training / process fix here." -> 2. Most frequent root cause: Human error (69 records) - target training / process fix here.
B43: ="3. "&AD4&" CAPAs are overdue ("&TEXT(AD4/SUM(AD2:AD4),"0%")&" of all CAPAs) - escalate for effectiveness review." -> 3. 28 CAPAs are overdue (16% of all CAPAs) - escalate for effectiveness review.
B44: ="4. "&AG4+AG5&" controlled documents are pending/overdue for review - plan periodic review cycle for MOA and specifications." -> 4. 54 controlled documents are pending/overdue for review - plan periodic review cycle for MOA and specifications.
B46: Portfolio sample built with fictitious data. No real company, product or batch information. AI-assisted analysis; QA review required for real use.

Sheet Deviation
A1: Record_ID | B1: Date | C1: Dept | D1: Type | E1: Severity | F1: Root_Cause | G1: Status | H1: Days_Open | I1: Closed_On_Time
A2: DEV-1001 | B2: 46200 | C2: QA | D2: Deviation | E2: Minor | F2: Human error | G2: Open | H2: 8 | I2: NA
A3: DEV-1002 | B3: 46210 | C3: Warehouse | D3: Deviation | E3: Minor | F3: Equipment | G3: Closed | H3: 44 | I3: No
A4: DEV-1003 | B4: 46084 | C4: Warehouse | D4: Deviation | E4: Major | F4: Human error | G4: Overdue | H4: 46 | I4: NA
A5: DEV-1004 | B5: 46104 | C5: QA | D5: OOT | E5: Major | F5: Documentation | G5: Overdue | H5: 42 | I5: NA
A6: DEV-1005 | B6: 46272 | C6: Engineering | D6: OOT | E6: Minor | F6: Documentation | G6: Closed | H6: 42 | I6: No
A7: DEV-1006 | B7: 46152 | C7: QC | D7: Deviation | E7: Minor | F7: Process | G7: Closed | H7: 45 | I7: No
A8: DEV-1007 | B8: 46194 | C8: QA | D8: Deviation | E8: Minor | F8: Documentation | G8: Open | H8: 23 | I8: NA
A9: DEV-1008 | B9: 45956 | C9: Packing | D9: OOS | E9: Minor | F9: Human error | G9: Closed | H9: 44 | I9: No
A10: DEV-1009 | B10: 46096 | C10: Packing | D10: Deviation | E10: Minor | F10: Human error | G10: Closed | H10: 20 | I10: Yes
A11: DEV-1010 | B11: 46102 | C11: QC | D11: OOT | E11: Critical | F11: Process | G11: Closed | H11: 4 | I11: Yes
A12: DEV-1011 | B12: 46046 | C12: Packing | D12: OOS | E12: Critical | F12: Documentation | G12: Overdue | H12: 82 | I12: NA
A13: DEV-1012 | B13: 46127 | C13: Packing | D13: Deviation | E13: Minor | F13: Process | G13: Overdue | H13: 36 | I13: NA
... A321: DEV-1320 | B321: 45985 | C321: Production | D321: Deviation | E321: Major | F321: Process | G321: Closed | H321: 31 | I321: No

Sheet CAPA
A1: CAPA_ID | B1: Linked_Record | C1: Due_Date | D1: Owner_Dept | E1: Status | F1: Effectiveness_Check
A2: CAPA-501 | B2: DEV-1171 | C2: 46065 | D2: QC | E2: Closed | F2: Effective
A3: CAPA-502 | B3: DEV-1260 | C3: 46073 | D3: Packing | E3: Open | F3: Pending
A4: CAPA-503 | B4: DEV-1102 | C4: 46134 | D4: Production | E4: Closed | F4: Not Effective
A5: CAPA-504 | B5: DEV-1077 | C5: 45966 | D5: Warehouse | E5: Overdue | F5: Pending
A6: CAPA-505 | B6: DEV-1234 | C6: 46031 | D6: QC | E6: Open | F6: Pending
A7: CAPA-506 | B7: DEV-1223 | C7: 46011 | D7: Warehouse | E7: Open | F7: Pending
A8: CAPA-507 | B8: DEV-1250 | C8: 46192 | D8: QA | E8: Closed | F8: Effective
A9: CAPA-508 | B9: DEV-1086 | C9: 46069 | D9: Packing | E9: Open | F9: Pending
A10: CAPA-509 | B10: DEV-1058 | C10: 45989 | D10: Warehouse | E10: Closed | F10: Not Effective
A11: CAPA-510 | B11: DEV-1140 | C11: 46214 | D11: Warehouse | E11: Closed | F11: Not Effective
A12: CAPA-511 | B12: DEV-1132 | C12: 46059 | D12: QA | E12: Overdue | F12: Pending
A13: CAPA-512 | B13: DEV-1154 | C13: 46228 | D13: Engineering | E13: Closed | F13: Effective
... A181: CAPA-680 | B181: DEV-1210 | C181: 46147 | D181: Packing | E181: Closed | F181: Pending

Sheet Documents
A1: Doc_No | B1: Doc_Type | C1: Dept | D1: Next_Review | E1: Review_Status
A2: DOC-201 | B2: SOP | C2: Packing | D2: 46001 | E2: Overdue
A3: DOC-202 | B3: SOP | C3: Engineering | D3: 45996 | E3: Overdue
A4: DOC-203 | B4: Protocol | C4: Production | D4: 45989 | E4: Overdue
A5: DOC-204 | B5: SOP | C5: QA | D5: 46313 | E5: Pending
A6: DOC-205 | B6: Specification | C6: Packing | D6: 46040 | E6: Reviewed
A7: DOC-206 | B7: Protocol | C7: Engineering | D7: 46234 | E7: Pending
A8: DOC-207 | B8: MOA | C8: QC | D8: 46201 | E8: Reviewed
A9: DOC-208 | B9: SOP | C9: Warehouse | D9: 46237 | E9: Reviewed
A10: DOC-209 | B10: SOP | C10: QC | D10: 46067 | E10: Reviewed
A11: DOC-210 | B11: Specification | C11: Engineering | D11: 46120 | E11: Pending
A12: DOC-211 | B12: SOP | C12: QA | D12: 46109 | E12: Overdue
A13: DOC-212 | B13: Protocol | C13: Warehouse | D13: 46288 | E13: Reviewed
... A141: DOC-340 | B141: Protocol | C141: Warehouse | D141: 46070 | E141: Reviewed

Sheet Batches
A1: Month | B1: Released | C1: Rejected | D1: Avg_Release_Days
A2: Oct-25 | B2: 54 | C2: 0 | D2: 9
A3: Nov-25 | B3: 42 | C3: 4 | D3: 9
A4: Dec-25 | B4: 39 | C4: 1 | D4: 11
A5: Jan-26 | B5: 53 | C5: 1 | D5: 8
A6: Feb-26 | B6: 49 | C6: 4 | D6: 9
A7: Mar-26 | B7: 40 | C7: 3 | D7: 7
A8: Apr-26 | B8: 53 | C8: 3 | D8: 13
A9: May-26 | B9: 40 | C9: 0 | D9: 11
A10: Jun-26 | B10: 41 | C10: 4 | D10: 11
A11: Jul-26 | B11: 55 | C11: 0 | D11: 13
A12: Aug-26 | B12: 44 | C12: 1 | D12: 8
A13: Sep-26 | B13: 58 | C13: 0 | D13: 10
