Workbook

Sheet Dashboard
B1: STABILITY SHELF-LIFE PREDICTOR (SAMPLE DATA)
B2: Assay vs time | linear regression | one-sided 95% lower confidence limit | where does the line cross the minimum spec?
B4: BATCH | D4: BN-2601 | H4: CONDITION | J4: 25C/60%RH | N4: MIN SPEC (% LC) | R4: 95 | S4: PROPOSED SHELF LIFE (MONTHS) | Y4: 36
B5: Yellow cells are inputs: pick batch and condition, or change the spec and proposed shelf life.
B6: DEGRADATION RATE | G6: R-SQUARED | L6: SHELF LIFE (95% LCL) | Q6: MARGIN vs PROPOSED | V6: STATUS
B7: =INDEX(Calc!$E$31:$E$40,Calc!$B$7) -> -0.075169661 | G7: =INDEX(Calc!$G$31:$G$40,Calc!$B$7) -> 0.91489203 | L7: =INDEX(Calc!$L$31:$L$40,Calc!$B$7) -> 57 | Q7: =INDEX(Calc!$L$31:$L$40,Calc!$B$7)-$Y$4 -> 21 | V7: =IF(INDEX(Calc!$L$31:$L$40,Calc!$B$7)>=$Y$4,"SUPPORTED",IF(INDEX(Calc!$L$31:$L$40,Calc!$B$7)>=$Y$4-6,"REVIEW","NOT SUPPORTED")) -> SUPPORTED
B8: % label claim per month | G8: fit of the straight line | L8: months until limit crosses spec | Q8: months (shelf life - proposed) | V8: vs proposed shelf life
B29: SHELF-LIFE MATRIX (months, 95% lower confidence limit) - 25C/60%RH colours: green meets proposed, amber within 6 months, red short
B30: Batch | F30: 25C/60%RH (months) | M30: 30C/65%RH (months, for information only) | T30: Status (25C/60%RH)
B31: BN-2601 | F31: =INDEX(Calc!$L$31:$L$40,MATCH($B31&"|25C/60%RH",Calc!$A$31:$A$40,0)) -> 57 | M31: =INDEX(Calc!$L$31:$L$40,MATCH($B31&"|30C/65%RH",Calc!$A$31:$A$40,0)) -> 36 | T31: =IF(F31>=$Y$4,"SUPPORTED",IF(F31>=$Y$4-6,"REVIEW","NOT SUPPORTED")) -> SUPPORTED
B32: BN-2602 | F32: =INDEX(Calc!$L$31:$L$40,MATCH($B32&"|25C/60%RH",Calc!$A$31:$A$40,0)) -> 60 | M32: =INDEX(Calc!$L$31:$L$40,MATCH($B32&"|30C/65%RH",Calc!$A$31:$A$40,0)) -> 46 | T32: =IF(F32>=$Y$4,"SUPPORTED",IF(F32>=$Y$4-6,"REVIEW","NOT SUPPORTED")) -> SUPPORTED
B33: BN-2603 | F33: =INDEX(Calc!$L$31:$L$40,MATCH($B33&"|25C/60%RH",Calc!$A$31:$A$40,0)) -> 55 | M33: =INDEX(Calc!$L$31:$L$40,MATCH($B33&"|30C/65%RH",Calc!$A$31:$A$40,0)) -> 25 | T33: =IF(F33>=$Y$4,"SUPPORTED",IF(F33>=$Y$4-6,"REVIEW","NOT SUPPORTED")) -> SUPPORTED
B34: BN-2604 | F34: =INDEX(Calc!$L$31:$L$40,MATCH($B34&"|25C/60%RH",Calc!$A$31:$A$40,0)) -> 52 | M34: =INDEX(Calc!$L$31:$L$40,MATCH($B34&"|30C/65%RH",Calc!$A$31:$A$40,0)) -> 18 | T34: =IF(F34>=$Y$4,"SUPPORTED",IF(F34>=$Y$4-6,"REVIEW","NOT SUPPORTED")) -> SUPPORTED
B35: BN-2605 | F35: =INDEX(Calc!$L$31:$L$40,MATCH($B35&"|25C/60%RH",Calc!$A$31:$A$40,0)) -> 32 | M35: =INDEX(Calc!$L$31:$L$40,MATCH($B35&"|30C/65%RH",Calc!$A$31:$A$40,0)) -> 15 | T35: =IF(F35>=$Y$4,"SUPPORTED",IF(F35>=$Y$4-6,"REVIEW","NOT SUPPORTED")) -> REVIEW
B37: Sample dashboard built with made-up data for portfolio demonstration. Not client work.
B38: Illustrative regression only. Not a validated system and not a replacement for an ICH Q1E evaluation under an approved stability protocol. 60 months is the display limit.

Sheet Calc
A1: Calculation sheet - feeds the Dashboard (do not edit)
A3: Selected batch | B3: =Dashboard!$D$4 -> BN-2601
A4: Selected condition | B4: =Dashboard!$J$4 -> 25C/60%RH
A5: Min spec (% LC) | B5: =Dashboard!$R$4 -> 95
A6: Proposed shelf life (months) | B6: =Dashboard!$Y$4 -> 36
A7: Selected row in matrix | B7: =MATCH($B$3&"|"&$B$4,$A$31:$A$40,0) -> 1
A20: Month (observed) | B20: 0 | C20: 1 | D20: 2 | E20: 3 | F20: 6 | G20: 9 | H20: 12 | I20: 18 | J20: 24
A21: Assay (observed) | B21: =IF(INDEX(Data!C$2:C$11,$B$7)="",NA(),INDEX(Data!C$2:C$11,$B$7)) -> 100.45 | C21: =IF(INDEX(Data!D$2:D$11,$B$7)="",NA(),INDEX(Data!D$2:D$11,$B$7)) -> #N/A | D21: =IF(INDEX(Data!E$2:E$11,$B$7)="",NA(),INDEX(Data!E$2:E$11,$B$7)) -> #N/A | E21: =IF(INDEX(Data!F$2:F$11,$B$7)="",NA(),INDEX(Data!F$2:F$11,$B$7)) -> 100.24 | F21: =IF(INDEX(Data!G$2:G$11,$B$7)="",NA(),INDEX(Data!G$2:G$11,$B$7)) -> 99.86 | G21: =IF(INDEX(Data!H$2:H$11,$B$7)="",NA(),INDEX(Data!H$2:H$11,$B$7)) -> 99.3 | H21: =IF(INDEX(Data!I$2:I$11,$B$7)="",NA(),INDEX(Data!I$2:I$11,$B$7)) -> 99.52 | I21: =IF(INDEX(Data!J$2:J$11,$B$7)="",NA(),INDEX(Data!J$2:J$11,$B$7)) -> 98.83 | J21: =IF(INDEX(Data!K$2:K$11,$B$7)="",NA(),INDEX(Data!K$2:K$11,$B$7)) -> 98.72
A23: Month | B23: 0 | C23: 1 | D23: 2 | E23: 3 | F23: 4 | G23: 5 | H23: 6 | I23: 7 | J23: 8 | K23: 9 | L23: 10 | M23: 11 | N23: 12 | O23: 13 | P23: 14 | Q23: 15 | R23: 16 | S23: 17 | T23: 18 | U23: 19 | V23: 20 | W23: 21 | X23: 22 | Y23: 23 | Z23: 24 | AA23: 25 | AB23: 26 | AC23: 27 | AD23: 28 | AE23: 29 | AF23: 30 | AG23: 31 | AH23: 32 | AI23: 33 | AJ23: 34 | AK23: 35 | AL23: 36 | AM23: 37 | AN23: 38 | AO23: 39 | AP23: 40 | AQ23: 41 | AR23: 42 | AS23: 43 | AT23: 44 | AU23: 45 | AV23: 46 | AW23: 47 | AX23: 48 | AY23: 49 | AZ23: 50 | BA23: 51 | BB23: 52 | BC23: 53 | BD23: 54 | BE23: 55 | BF23: 56 | BG23: 57 | BH23: 58 | BI23: 59 | BJ23: 60
A24: Regression (mean) | B24: =INDEX($F$31:$F$40,$B$7)+INDEX($E$31:$E$40,$B$7)*B$23 -> 100.33317 | C24: =INDEX($F$31:$F$40,$B$7)+INDEX($E$31:$E$40,$B$7)*C$23 -> 100.258 | D24: =INDEX($F$31:$F$40,$B$7)+INDEX($E$31:$E$40,$B$7)*D$23 -> 100.18283 | E24: =INDEX($F$31:$F$40,$B$7)+INDEX($E$31:$E$40,$B$7)*E$23 -> 100.10766 | F24: =INDEX($F$31:$F$40,$B$7)+INDEX($E$31:$E$40,$B$7)*F$23 -> 100.0325 | G24: =INDEX($F$31:$F$40,$B$7)+INDEX($E$31:$E$40,$B$7)*G$23 -> 99.957325 | H24: =INDEX($F$31:$F$40,$B$7)+INDEX($E$31:$E$40,$B$7)*H$23 -> 99.882156 | I24: =INDEX($F$31:$F$40,$B$7)+INDEX($E$31:$E$40,$B$7)*I$23 -> 99.806986 | ... BJ24: =INDEX($F$31:$F$40,$B$7)+INDEX($E$31:$E$40,$B$7)*BJ$23 -> 95.822994
A25: Lower 95% confidence limit | B25: =INDEX($N$31:$BV$40,$B$7,B$23+1) -> 100.06607 | C25: =INDEX($N$31:$BV$40,$B$7,C$23+1) -> 100.00702 | D25: =INDEX($N$31:$BV$40,$B$7,D$23+1) -> 99.947267 | E25: =INDEX($N$31:$BV$40,$B$7,E$23+1) -> 99.886655 | F25: =INDEX($N$31:$BV$40,$B$7,F$23+1) -> 99.825005 | G25: =INDEX($N$31:$BV$40,$B$7,G$23+1) -> 99.762101 | H25: =INDEX($N$31:$BV$40,$B$7,H$23+1) -> 99.697692 | I25: =INDEX($N$31:$BV$40,$B$7,I$23+1) -> 99.631501 | ... BJ25: =INDEX($N$31:$BV$40,$B$7,BJ$23+1) -> 94.783197
A26: Min spec | B26: =$B$5 -> 95 | C26: =$B$5 -> 95 | D26: =$B$5 -> 95 | E26: =$B$5 -> 95 | F26: =$B$5 -> 95 | G26: =$B$5 -> 95 | H26: =$B$5 -> 95 | I26: =$B$5 -> 95 | ... BJ26: =$B$5 -> 95
A30: Key | B30: Batch | C30: Condition | D30: n | E30: Slope (%LC/mo) | F30: Intercept | G30: R-squared | H30: Std error | I30: Mean month | J30: Sxx | K30: t (95% 1-sided) | L30: Shelf life (mo, 95% LCL) | N30: 0 | O30: 1 | P30: 2 | Q30: 3 | R30: 4 | S30: 5 | T30: 6 | U30: 7 | V30: 8 | W30: 9 | X30: 10 | Y30: 11 | Z30: 12 | AA30: 13 | AB30: 14 | AC30: 15 | AD30: 16 | AE30: 17 | AF30: 18 | AG30: 19 | AH30: 20 | AI30: 21 | AJ30: 22 | AK30: 23 | AL30: 24 | AM30: 25 | AN30: 26 | AO30: 27 | AP30: 28 | AQ30: 29 | AR30: 30 | AS30: 31 | AT30: 32 | AU30: 33 | AV30: 34 | AW30: 35 | AX30: 36 | AY30: 37 | AZ30: 38 | BA30: 39 | BB30: 40 | BC30: 41 | BD30: 42 | BE30: 43 | BF30: 44 | BG30: 45 | BH30: 46 | BI30: 47 | BJ30: 48 | BK30: 49 | BL30: 50 | BM30: 51 | BN30: 52 | BO30: 53 | BP30: 54 | BQ30: 55 | BR30: 56 | BS30: 57 | BT30: 58 | BU30: 59 | BV30: 60
A31: =Data!L2 -> BN-2601|25C/60%RH | B31: =Data!A2 -> BN-2601 | C31: =Data!B2 -> 25C/60%RH | D31: =COUNT(Data!C2:K2) -> 7 | E31: =SLOPE(Data!C2:K2,Data!$C$1:$K$1) -> -0.075169661 | F31: =INTERCEPT(Data!C2:K2,Data!$C$1:$K$1) -> 100.33317 | G31: =RSQ(Data!C2:K2,Data!$C$1:$K$1) -> 0.91489203 | H31: =STEYX(Data!C2:K2,Data!$C$1:$K$1) -> 0.21247275 | I31: =SUMPRODUCT((Data!C2:K2<>"")*Data!$C$1:$K$1)/D31 -> 10.285714 | J31: =SUMPRODUCT((Data!C2:K2<>"")*(Data!$C$1:$K$1-I31)^2) -> 429.42857 | K31: =_xlfn.T.INV(0.95,D31-2) -> 2.0150484 | L31: =IFERROR(MAX(0,MATCH(TRUE,INDEX($N31:$BV31<$B$5,0),0)-2),60) -> 57 | N31: =$F31+$E31*N$30-$K31*$H31*SQRT(1/$D31+(N$30-$I31)^2/$J31) -> 100.06607 | O31: =$F31+$E31*O$30-$K31*$H31*SQRT(1/$D31+(O$30-$I31)^2/$J31) -> 100.00702 | P31: =$F31+$E31*P$30-$K31*$H31*SQRT(1/$D31+(P$30-$I31)^2/$J31) -> 99.947267 | Q31: =$F31+$E31*Q$30-$K31*$H31*SQRT(1/$D31+(Q$30-$I31)^2/$J31) -> 99.886655 | R31: =$F31+$E31*R$30-$K31*$H31*SQRT(1/$D31+(R$30-$I31)^2/$J31) -> 99.825005 | S31: =$F31+$E31*S$30-$K31*$H31*SQRT(1/$D31+(S$30-$I31)^2/$J31) -> 99.762101 | T31: =$F31+$E31*T$30-$K31*$H31*SQRT(1/$D31+(T$30-$I31)^2/$J31) -> 99.697692 | U31: =$F31+$E31*U$30-$K31*$H31*SQRT(1/$D31+(U$30-$I31)^2/$J31) -> 99.631501 | ... BV31: =$F31+$E31*BV$30-$K31*$H31*SQRT(1/$D31+(BV$30-$I31)^2/$J31) -> 94.783197
A32: =Data!L3 -> BN-2601|30C/65%RH | B32: =Data!A3 -> BN-2601 | C32: =Data!B3 -> 30C/65%RH | D32: =COUNT(Data!C3:K3) -> 5 | E32: =SLOPE(Data!C3:K3,Data!$C$1:$K$1) -> -0.12666667 | F32: =INTERCEPT(Data!C3:K3,Data!$C$1:$K$1) -> 100.138 | G32: =RSQ(Data!C3:K3,Data!$C$1:$K$1) -> 0.99047933 | H32: =STEYX(Data!C3:K3,Data!$C$1:$K$1) -> 0.068019605 | I32: =SUMPRODUCT((Data!C3:K3<>"")*Data!$C$1:$K$1)/D32 -> 6 | J32: =SUMPRODUCT((Data!C3:K3<>"")*(Data!$C$1:$K$1-I32)^2) -> 90 | K32: =_xlfn.T.INV(0.95,D32-2) -> 2.3533634 | L32: =IFERROR(MAX(0,MATCH(TRUE,INDEX($N32:$BV32<$B$5,0),0)-2),60) -> 36 | N32: =$F32+$E32*N$30-$K32*$H32*SQRT(1/$D32+(N$30-$I32)^2/$J32) -> 100.01401 | O32: =$F32+$E32*O$30-$K32*$H32*SQRT(1/$D32+(O$30-$I32)^2/$J32) -> 99.900687 | P32: =$F32+$E32*P$30-$K32*$H32*SQRT(1/$D32+(P$30-$I32)^2/$J32) -> 99.786279 | Q32: =$F32+$E32*Q$30-$K32*$H32*SQRT(1/$D32+(Q$30-$I32)^2/$J32) -> 99.670323 | R32: =$F32+$E32*R$30-$K32*$H32*SQRT(1/$D32+(R$30-$I32)^2/$J32) -> 99.55219 | S32: =$F32+$E32*S$30-$K32*$H32*SQRT(1/$D32+(S$30-$I32)^2/$J32) -> 99.431117 | T32: =$F32+$E32*T$30-$K32*$H32*SQRT(1/$D32+(T$30-$I32)^2/$J32) -> 99.306412 | U32: =$F32+$E32*U$30-$K32*$H32*SQRT(1/$D32+(U$30-$I32)^2/$J32) -> 99.177784 | ... BV32: =$F32+$E32*BV$30-$K32*$H32*SQRT(1/$D32+(BV$30-$I32)^2/$J32) -> 91.62403
A33: =Data!L4 -> BN-2602|25C/60%RH | B33: =Data!A4 -> BN-2602 | C33: =Data!B4 -> 25C/60%RH | D33: =COUNT(Data!C4:K4) -> 7 | E33: =SLOPE(Data!C4:K4,Data!$C$1:$K$1) -> -0.073942116 | F33: =INTERCEPT(Data!C4:K4,Data!$C$1:$K$1) -> 100.74198 | G33: =RSQ(Data!C4:K4,Data!$C$1:$K$1) -> 0.96513636 | H33: =STEYX(Data!C4:K4,Data!$C$1:$K$1) -> 0.13023999 | I33: =SUMPRODUCT((Data!C4:K4<>"")*Data!$C$1:$K$1)/D33 -> 10.285714 | J33: =SUMPRODUCT((Data!C4:K4<>"")*(Data!$C$1:$K$1-I33)^2) -> 429.42857 | K33: =_xlfn.T.INV(0.95,D33-2) -> 2.0150484 | L33: =IFERROR(MAX(0,MATCH(TRUE,INDEX($N33:$BV33<$B$5,0),0)-2),60) -> 60 | N33: =$F33+$E33*N$30-$K33*$H33*SQRT(1/$D33+(N$30-$I33)^2/$J33) -> 100.57825 | O33: =$F33+$E33*O$30-$K33*$H33*SQRT(1/$D33+(O$30-$I33)^2/$J33) -> 100.51419 | P33: =$F33+$E33*P$30-$K33*$H33*SQRT(1/$D33+(P$30-$I33)^2/$J33) -> 100.4497 | Q33: =$F33+$E33*Q$30-$K33*$H33*SQRT(1/$D33+(Q$30-$I33)^2/$J33) -> 100.38468 | R33: =$F33+$E33*R$30-$K33*$H33*SQRT(1/$D33+(R$30-$I33)^2/$J33) -> 100.31902 | S33: =$F33+$E33*S$30-$K33*$H33*SQRT(1/$D33+(S$30-$I33)^2/$J33) -> 100.2526 | T33: =$F33+$E33*T$30-$K33*$H33*SQRT(1/$D33+(T$30-$I33)^2/$J33) -> 100.18525 | U33: =$F33+$E33*U$30-$K33*$H33*SQRT(1/$D33+(U$30-$I33)^2/$J33) -> 100.11681 | ... BV33: =$F33+$E33*BV$30-$K33*$H33*SQRT(1/$D33+(BV$30-$I33)^2/$J33) -> 95.668082
A34: =Data!L5 -> BN-2602|30C/65%RH | B34: =Data!A5 -> BN-2602 | C34: =Data!B5 -> 30C/65%RH | D34: =COUNT(Data!C5:K5) -> 5 | E34: =SLOPE(Data!C5:K5,Data!$C$1:$K$1) -> -0.10066667 | F34: =INTERCEPT(Data!C5:K5,Data!$C$1:$K$1) -> 100.556 | G34: =RSQ(Data!C5:K5,Data!$C$1:$K$1) -> 0.97577781 | H34: =STEYX(Data!C5:K5,Data!$C$1:$K$1) -> 0.086871553 | I34: =SUMPRODUCT((Data!C5:K5<>"")*Data!$C$1:$K$1)/D34 -> 6 | J34: =SUMPRODUCT((Data!C5:K5<>"")*(Data!$C$1:$K$1-I34)^2) -> 90 | K34: =_xlfn.T.INV(0.95,D34-2) -> 2.3533634 | L34: =IFERROR(MAX(0,MATCH(TRUE,INDEX($N34:$BV34<$B$5,0),0)-2),60) -> 46 | N34: =$F34+$E34*N$30-$K34*$H34*SQRT(1/$D34+(N$30-$I34)^2/$J34) -> 100.39764 | O34: =$F34+$E34*O$30-$K34*$H34*SQRT(1/$D34+(O$30-$I34)^2/$J34) -> 100.31402 | P34: =$F34+$E34*P$30-$K34*$H34*SQRT(1/$D34+(P$30-$I34)^2/$J34) -> 100.22901 | Q34: =$F34+$E34*Q$30-$K34*$H34*SQRT(1/$D34+(Q$30-$I34)^2/$J34) -> 100.14202 | R34: =$F34+$E34*R$30-$K34*$H34*SQRT(1/$D34+(R$30-$I34)^2/$J34) -> 100.05226 | S34: =$F34+$E34*S$30-$K34*$H34*SQRT(1/$D34+(S$30-$I34)^2/$J34) -> 99.958733 | T34: =$F34+$E34*T$30-$K34*$H34*SQRT(1/$D34+(T$30-$I34)^2/$J34) -> 99.860572 | U34: =$F34+$E34*U$30-$K34*$H34*SQRT(1/$D34+(U$30-$I34)^2/$J34) -> 99.757399 | ... BV34: =$F34+$E34*BV$30-$K34*$H34*SQRT(1/$D34+(BV$30-$I34)^2/$J34) -> 93.348719
A35: =Data!L6 -> BN-2603|25C/60%RH | B35: =Data!A6 -> BN-2603 | C35: =Data!B6 -> 25C/60%RH | D35: =COUNT(Data!C6:K6) -> 7 | E35: =SLOPE(Data!C6:K6,Data!$C$1:$K$1) -> -0.075159681 | F35: =INTERCEPT(Data!C6:K6,Data!$C$1:$K$1) -> 100.10593 | G35: =RSQ(Data!C6:K6,Data!$C$1:$K$1) -> 0.92288104 | H35: =STEYX(Data!C6:K6,Data!$C$1:$K$1) -> 0.20135068 | I35: =SUMPRODUCT((Data!C6:K6<>"")*Data!$C$1:$K$1)/D35 -> 10.285714 | J35: =SUMPRODUCT((Data!C6:K6<>"")*(Data!$C$1:$K$1-I35)^2) -> 429.42857 | K35: =_xlfn.T.INV(0.95,D35-2) -> 2.0150484 | L35: =IFERROR(MAX(0,MATCH(TRUE,INDEX($N35:$BV35<$B$5,0),0)-2),60) -> 55 | N35: =$F35+$E35*N$30-$K35*$H35*SQRT(1/$D35+(N$30-$I35)^2/$J35) -> 99.852802 | O35: =$F35+$E35*O$30-$K35*$H35*SQRT(1/$D35+(O$30-$I35)^2/$J35) -> 99.792923 | P35: =$F35+$E35*P$30-$K35*$H35*SQRT(1/$D35+(P$30-$I35)^2/$J35) -> 99.732372 | Q35: =$F35+$E35*Q$30-$K35*$H35*SQRT(1/$D35+(Q$30-$I35)^2/$J35) -> 99.671009 | R35: =$F35+$E35*R$30-$K35*$H35*SQRT(1/$D35+(R$30-$I35)^2/$J35) -> 99.608661 | S35: =$F35+$E35*S$30-$K35*$H35*SQRT(1/$D35+(S$30-$I35)^2/$J35) -> 99.545124 | T35: =$F35+$E35*T$30-$K35*$H35*SQRT(1/$D35+(T$30-$I35)^2/$J35) -> 99.480162 | U35: =$F35+$E35*U$30-$K35*$H35*SQRT(1/$D35+(U$30-$I35)^2/$J35) -> 99.413511 | ... BV35: =$F35+$E35*BV$30-$K35*$H35*SQRT(1/$D35+(BV$30-$I35)^2/$J35) -> 94.610979
A36: =Data!L7 -> BN-2603|30C/65%RH | B36: =Data!A7 -> BN-2603 | C36: =Data!B7 -> 30C/65%RH | D36: =COUNT(Data!C7:K7) -> 5 | E36: =SLOPE(Data!C7:K7,Data!$C$1:$K$1) -> -0.13433333 | F36: =INTERCEPT(Data!C7:K7,Data!$C$1:$K$1) -> 99.846 | G36: =RSQ(Data!C7:K7,Data!$C$1:$K$1) -> 0.85994387 | H36: =STEYX(Data!C7:K7,Data!$C$1:$K$1) -> 0.29693434 | I36: =SUMPRODUCT((Data!C7:K7<>"")*Data!$C$1:$K$1)/D36 -> 6 | J36: =SUMPRODUCT((Data!C7:K7<>"")*(Data!$C$1:$K$1-I36)^2) -> 90 | K36: =_xlfn.T.INV(0.95,D36-2) -> 2.3533634 | L36: =IFERROR(MAX(0,MATCH(TRUE,INDEX($N36:$BV36<$B$5,0),0)-2),60) -> 25 | N36: =$F36+$E36*N$30-$K36*$H36*SQRT(1/$D36+(N$30-$I36)^2/$J36) -> 99.304716 | O36: =$F36+$E36*O$30-$K36*$H36*SQRT(1/$D36+(O$30-$I36)^2/$J36) -> 99.22865 | P36: =$F36+$E36*P$30-$K36*$H36*SQRT(1/$D36+(P$30-$I36)^2/$J36) -> 99.147829 | Q36: =$F36+$E36*Q$30-$K36*$H36*SQRT(1/$D36+(Q$30-$I36)^2/$J36) -> 99.060255 | R36: =$F36+$E36*R$30-$K36*$H36*SQRT(1/$D36+(R$30-$I36)^2/$J36) -> 98.963173 | S36: =$F36+$E36*S$30-$K36*$H36*SQRT(1/$D36+(S$30-$I36)^2/$J36) -> 98.853259 | T36: =$F36+$E36*T$30-$K36*$H36*SQRT(1/$D36+(T$30-$I36)^2/$J36) -> 98.72749 | U36: =$F36+$E36*U$30-$K36*$H36*SQRT(1/$D36+(U$30-$I36)^2/$J36) -> 98.584593 | ... BV36: =$F36+$E36*BV$30-$K36*$H36*SQRT(1/$D36+(BV$30-$I36)^2/$J36) -> 87.796135
A37: =Data!L8 -> BN-2604|25C/60%RH | B37: =Data!A8 -> BN-2604 | C37: =Data!B8 -> 25C/60%RH | D37: =COUNT(Data!C8:K8) -> 7 | E37: =SLOPE(Data!C8:K8,Data!$C$1:$K$1) -> -0.070678643 | F37: =INTERCEPT(Data!C8:K8,Data!$C$1:$K$1) -> 99.702695 | G37: =RSQ(Data!C8:K8,Data!$C$1:$K$1) -> 0.87926178 | H37: =STEYX(Data!C8:K8,Data!$C$1:$K$1) -> 0.24272357 | I37: =SUMPRODUCT((Data!C8:K8<>"")*Data!$C$1:$K$1)/D37 -> 10.285714 | J37: =SUMPRODUCT((Data!C8:K8<>"")*(Data!$C$1:$K$1-I37)^2) -> 429.42857 | K37: =_xlfn.T.INV(0.95,D37-2) -> 2.0150484 | L37: =IFERROR(MAX(0,MATCH(TRUE,INDEX($N37:$BV37<$B$5,0),0)-2),60) -> 52 | N37: =$F37+$E37*N$30-$K37*$H37*SQRT(1/$D37+(N$30-$I37)^2/$J37) -> 99.397557 | O37: =$F37+$E37*O$30-$K37*$H37*SQRT(1/$D37+(O$30-$I37)^2/$J37) -> 99.345299 | P37: =$F37+$E37*P$30-$K37*$H37*SQRT(1/$D37+(P$30-$I37)^2/$J37) -> 99.292231 | Q37: =$F37+$E37*Q$30-$K37*$H37*SQRT(1/$D37+(Q$30-$I37)^2/$J37) -> 99.238183 | R37: =$F37+$E37*R$30-$K37*$H37*SQRT(1/$D37+(R$30-$I37)^2/$J37) -> 99.182949 | S37: =$F37+$E37*S$30-$K37*$H37*SQRT(1/$D37+(S$30-$I37)^2/$J37) -> 99.126282 | T37: =$F37+$E37*T$30-$K37*$H37*SQRT(1/$D37+(T$30-$I37)^2/$J37) -> 99.067896 | U37: =$F37+$E37*U$30-$K37*$H37*SQRT(1/$D37+(U$30-$I37)^2/$J37) -> 99.007474 | ... BV37: =$F37+$E37*BV$30-$K37*$H37*SQRT(1/$D37+(BV$30-$I37)^2/$J37) -> 94.274138
A38: =Data!L9 -> BN-2604|30C/65%RH | B38: =Data!A9 -> BN-2604 | C38: =Data!B9 -> 30C/65%RH | D38: =COUNT(Data!C9:K9) -> 5 | E38: =SLOPE(Data!C9:K9,Data!$C$1:$K$1) -> -0.19066667 | F38: =INTERCEPT(Data!C9:K9,Data!$C$1:$K$1) -> 99.798 | G38: =RSQ(Data!C9:K9,Data!$C$1:$K$1) -> 0.89109191 | H38: =STEYX(Data!C9:K9,Data!$C$1:$K$1) -> 0.3650936 | I38: =SUMPRODUCT((Data!C9:K9<>"")*Data!$C$1:$K$1)/D38 -> 6 | J38: =SUMPRODUCT((Data!C9:K9<>"")*(Data!$C$1:$K$1-I38)^2) -> 90 | K38: =_xlfn.T.INV(0.95,D38-2) -> 2.3533634 | L38: =IFERROR(MAX(0,MATCH(TRUE,INDEX($N38:$BV38<$B$5,0),0)-2),60) -> 18 | N38: =$F38+$E38*N$30-$K38*$H38*SQRT(1/$D38+(N$30-$I38)^2/$J38) -> 99.132468 | O38: =$F38+$E38*O$30-$K38*$H38*SQRT(1/$D38+(O$30-$I38)^2/$J38) -> 99.013443 | P38: =$F38+$E38*P$30-$K38*$H38*SQRT(1/$D38+(P$30-$I38)^2/$J38) -> 98.888572 | Q38: =$F38+$E38*Q$30-$K38*$H38*SQRT(1/$D38+(Q$30-$I38)^2/$J38) -> 98.755398 | R38: =$F38+$E38*R$30-$K38*$H38*SQRT(1/$D38+(R$30-$I38)^2/$J38) -> 98.610535 | S38: =$F38+$E38*S$30-$K38*$H38*SQRT(1/$D38+(S$30-$I38)^2/$J38) -> 98.449892 | T38: =$F38+$E38*T$30-$K38*$H38*SQRT(1/$D38+(T$30-$I38)^2/$J38) -> 98.269755 | U38: =$F38+$E38*U$30-$K38*$H38*SQRT(1/$D38+(U$30-$I38)^2/$J38) -> 98.068559 | ... BV38: =$F38+$E38*BV$30-$K38*$H38*SQRT(1/$D38+(BV$30-$I38)^2/$J38) -> 83.452288
A39: =Data!L10 -> BN-2605|25C/60%RH | B39: =Data!A10 -> BN-2605 | C39: =Data!B10 -> 25C/60%RH | D39: =COUNT(Data!C10:K10) -> 7 | E39: =SLOPE(Data!C10:K10,Data!$C$1:$K$1) -> -0.11227545 | F39: =INTERCEPT(Data!C10:K10,Data!$C$1:$K$1) -> 99.291976 | G39: =RSQ(Data!C10:K10,Data!$C$1:$K$1) -> 0.91919668 | H39: =STEYX(Data!C10:K10,Data!$C$1:$K$1) -> 0.30850033 | I39: =SUMPRODUCT((Data!C10:K10<>"")*Data!$C$1:$K$1)/D39 -> 10.285714 | J39: =SUMPRODUCT((Data!C10:K10<>"")*(Data!$C$1:$K$1-I39)^2) -> 429.42857 | K39: =_xlfn.T.INV(0.95,D39-2) -> 2.0150484 | L39: =IFERROR(MAX(0,MATCH(TRUE,INDEX($N39:$BV39<$B$5,0),0)-2),60) -> 32 | N39: =$F39+$E39*N$30-$K39*$H39*SQRT(1/$D39+(N$30-$I39)^2/$J39) -> 98.904148 | O39: =$F39+$E39*O$30-$K39*$H39*SQRT(1/$D39+(O$30-$I39)^2/$J39) -> 98.815285 | P39: =$F39+$E39*P$30-$K39*$H39*SQRT(1/$D39+(P$30-$I39)^2/$J39) -> 98.725393 | Q39: =$F39+$E39*Q$30-$K39*$H39*SQRT(1/$D39+(Q$30-$I39)^2/$J39) -> 98.634255 | R39: =$F39+$E39*R$30-$K39*$H39*SQRT(1/$D39+(R$30-$I39)^2/$J39) -> 98.541609 | S39: =$F39+$E39*S$30-$K39*$H39*SQRT(1/$D39+(S$30-$I39)^2/$J39) -> 98.447142 | T39: =$F39+$E39*T$30-$K39*$H39*SQRT(1/$D39+(T$30-$I39)^2/$J39) -> 98.350491 | U39: =$F39+$E39*U$30-$K39*$H39*SQRT(1/$D39+(U$30-$I39)^2/$J39) -> 98.251252 | ... BV39: =$F39+$E39*BV$30-$K39*$H39*SQRT(1/$D39+(BV$30-$I39)^2/$J39) -> 91.045713
A40: =Data!L11 -> BN-2605|30C/65%RH | B40: =Data!A11 -> BN-2605 | C40: =Data!B11 -> 30C/65%RH | D40: =COUNT(Data!C11:K11) -> 5 | E40: =SLOPE(Data!C11:K11,Data!$C$1:$K$1) -> -0.22266667 | F40: =INTERCEPT(Data!C11:K11,Data!$C$1:$K$1) -> 99.16 | G40: =RSQ(Data!C11:K11,Data!$C$1:$K$1) -> 0.95778421 | H40: =STEYX(Data!C11:K11,Data!$C$1:$K$1) -> 0.25604687 | I40: =SUMPRODUCT((Data!C11:K11<>"")*Data!$C$1:$K$1)/D40 -> 6 | J40: =SUMPRODUCT((Data!C11:K11<>"")*(Data!$C$1:$K$1-I40)^2) -> 90 | K40: =_xlfn.T.INV(0.95,D40-2) -> 2.3533634 | L40: =IFERROR(MAX(0,MATCH(TRUE,INDEX($N40:$BV40<$B$5,0),0)-2),60) -> 15 | N40: =$F40+$E40*N$30-$K40*$H40*SQRT(1/$D40+(N$30-$I40)^2/$J40) -> 98.69325 | O40: =$F40+$E40*O$30-$K40*$H40*SQRT(1/$D40+(O$30-$I40)^2/$J40) -> 98.520827 | P40: =$F40+$E40*P$30-$K40*$H40*SQRT(1/$D40+(P$30-$I40)^2/$J40) -> 98.344304 | Q40: =$F40+$E40*Q$30-$K40*$H40*SQRT(1/$D40+(Q$30-$I40)^2/$J40) -> 98.161958 | R40: =$F40+$E40*R$30-$K40*$H40*SQRT(1/$D40+(R$30-$I40)^2/$J40) -> 97.971414 | S40: =$F40+$E40*S$30-$K40*$H40*SQRT(1/$D40+(S$30-$I40)^2/$J40) -> 97.769804 | T40: =$F40+$E40*T$30-$K40*$H40*SQRT(1/$D40+(T$30-$I40)^2/$J40) -> 97.554522 | U40: =$F40+$E40*U$30-$K40*$H40*SQRT(1/$D40+(U$30-$I40)^2/$J40) -> 97.324471 | ... BV40: =$F40+$E40*BV$30-$K40*$H40*SQRT(1/$D40+(BV$30-$I40)^2/$J40) -> 82.359534
A44: Batch | B44: Shelf life (mo, 95% LCL) | C44: Proposed shelf life
A45: BN-2601 | B45: =INDEX($L$31:$L$40,MATCH($A45&"|"&$B$4,$A$31:$A$40,0)) -> 57 | C45: =$B$6 -> 36
A46: BN-2602 | B46: =INDEX($L$31:$L$40,MATCH($A46&"|"&$B$4,$A$31:$A$40,0)) -> 60 | C46: =$B$6 -> 36
A47: BN-2603 | B47: =INDEX($L$31:$L$40,MATCH($A47&"|"&$B$4,$A$31:$A$40,0)) -> 55 | C47: =$B$6 -> 36
A48: BN-2604 | B48: =INDEX($L$31:$L$40,MATCH($A48&"|"&$B$4,$A$31:$A$40,0)) -> 52 | C48: =$B$6 -> 36
A49: BN-2605 | B49: =INDEX($L$31:$L$40,MATCH($A49&"|"&$B$4,$A$31:$A$40,0)) -> 32 | C49: =$B$6 -> 36

Sheet Data
A1: Batch | B1: Condition | C1: 0 | D1: 1 | E1: 2 | F1: 3 | G1: 6 | H1: 9 | I1: 12 | J1: 18 | K1: 24 | L1: Key | N1: Assay (% of label claim) by stability time point. SAMPLE / simulated data. Blank = not tested. Replace rows with your own results.
A2: BN-2601 | B2: 25C/60%RH | C2: 100.45 | F2: 100.24 | G2: 99.86 | H2: 99.3 | I2: 99.52 | J2: 98.83 | K2: 98.72 | L2: =A2&"|"&B2 -> BN-2601|25C/60%RH | N2: Keep row 1 months as numbers. One row per batch + condition. Keep order and the 'Key' formula in column L.
A3: BN-2601 | B3: 30C/65%RH | C3: 100.16 | F3: 99.71 | G3: 99.36 | H3: 99.09 | I3: 98.57 | L3: =A3&"|"&B3 -> BN-2601|30C/65%RH
A4: BN-2602 | B4: 25C/60%RH | C4: 100.64 | F4: 100.55 | G4: 100.28 | H4: 100.02 | I4: 100.07 | J4: 99.48 | K4: 98.83 | L4: =A4&"|"&B4 -> BN-2602|25C/60%RH
A5: BN-2602 | B5: 30C/65%RH | C5: 100.47 | F5: 100.36 | G5: 99.99 | H5: 99.6 | I5: 99.34 | L5: =A5&"|"&B5 -> BN-2602|30C/65%RH
A6: BN-2603 | B6: 25C/60%RH | C6: 99.98 | F6: 100.15 | G6: 99.47 | H6: 99.28 | I6: 99.43 | J6: 98.79 | K6: 98.23 | L6: =A6&"|"&B6 -> BN-2603|25C/60%RH
A7: BN-2603 | B7: 30C/65%RH | C7: 99.79 | F7: 99.51 | G7: 99.26 | H7: 98.22 | I7: 98.42 | L7: =A7&"|"&B7 -> BN-2603|30C/65%RH
A8: BN-2604 | B8: 25C/60%RH | C8: 99.39 | F8: 99.88 | G8: 99.15 | H8: 99.06 | I8: 99 | J8: 98.43 | K8: 97.92 | L8: =A8&"|"&B8 -> BN-2604|25C/60%RH
A9: BN-2604 | B9: 30C/65%RH | C9: 99.89 | F9: 98.93 | G9: 98.68 | H9: 98.55 | I9: 97.22 | L9: =A9&"|"&B9 -> BN-2604|30C/65%RH
A10: BN-2605 | B10: 25C/60%RH | C10: 99.4 | F10: 98.85 | G10: 98.97 | H10: 98.09 | I10: 97.82 | J10: 96.88 | K10: 96.95 | L10: =A10&"|"&B10 -> BN-2605|25C/60%RH
A11: BN-2605 | B11: 30C/65%RH | C11: 99.07 | F11: 98.36 | G11: 98.21 | H11: 97.14 | I11: 96.34 | L11: =A11&"|"&B11 -> BN-2605|30C/65%RH
